subreddit,candidate,y,x,n,lag,ssr_f_stat,p_ssr_ftest,params_f_stat,p_params_ftest,significant_5pct
newsrelated,cuomo,price_change,mean_compound,3235,1,14.843087772358553,0.00011910481703022293,14.84308777235785,0.0001191048170302682,True
newsrelated,cuomo,price_change,mean_compound,3235,2,10.835777576259995,2.040836013366794e-05,10.835777576259861,2.040836013366794e-05,True
newsrelated,cuomo,price_change,mean_compound,3235,3,7.780617111329172,3.562083791831341e-05,7.780617111329107,3.562083791831341e-05,True
newsrelated,cuomo,price_change,mean_compound,3235,4,6.282606609517536,4.937084961385016e-05,6.282606609517433,4.9370849613859114e-05,True
newsrelated,cuomo,price_change,mean_compound,3235,5,8.838759296262715,2.411670967874428e-08,8.838759296262577,2.411670967875293e-08,True
newsrelated,cuomo,price_change,mean_compound,3235,6,8.157264281853418,8.943799655670385e-09,8.157264281853474,8.943799655668795e-09,True
newsrelated,cuomo,price_change,mean_compound,3235,7,7.070178667780857,2.118466229468989e-08,7.070178667780858,2.118466229468989e-08,True
newsrelated,cuomo,price_change,mean_compound,3235,8,5.908476404641375,1.555780453229551e-07,5.908476404641437,1.55578045322904e-07,True
newsrelated,cuomo,price_change,mean_compound,3235,9,5.2176802199401235,4.522083421074168e-07,5.217680219940074,4.522083421074811e-07,True
newsrelated,cuomo,price_change,mean_compound,3235,10,4.704512106663271,1.0435026738390057e-06,4.704512106663293,1.0435026738390057e-06,True
newsrelated,cuomo,price_change,mean_compound,3235,11,4.708243247422229,3.4311253383821373e-07,4.7082432474222795,3.431125338381662e-07,True
newsrelated,cuomo,price_change,mean_compound,3235,12,4.189560910768682,1.4190311450801684e-06,4.189560910768651,1.4190311450801684e-06,True
newsrelated,cuomo,price_change,sentiment_change,3235,4,2.4478451734523876,0.04430915562784888,2.447845173452352,0.04430915562784888,True
newsrelated,cuomo,price_change,sentiment_change,3235,6,2.162865959300295,0.04368952799409861,2.162865959300259,0.04368952799410253,True
newsrelated,cuomo,price_change,sentiment_change,3235,8,2.1518384361266616,0.028241803853221066,2.151838436126704,0.028241803853218485,True
newsrelated,cuomo,price_change,sentiment_change,3235,9,2.1201925181012866,0.024805135194356506,2.120192518101243,0.024805135194362983,True
newsrelated,cuomo,price_change,sentiment_change,3235,10,2.429618759512284,0.0070011594087870015,2.4296187595122767,0.0070011594087870015,True
newsrelated,cuomo,price_change,sentiment_change,3235,11,2.215978966311174,0.01145894814348214,2.2159789663111638,0.01145894814348214,True
newsrelated,cuomo,price_change,sentiment_change,3235,12,2.356732476996087,0.005170327715909835,2.3567324769960463,0.0051703277159110056,True
newsrelated,cuomo,price_change,n_comments,3235,1,4.710934742041258,0.03004395592615494,4.710934742040705,0.030043955926165083,True
newsrelated,cuomo,price_change,n_comments,3235,2,13.712548484660456,1.1745500676553104e-06,13.712548484661818,1.174550067653614e-06,True
newsrelated,cuomo,price_change,n_comments,3235,3,9.822134951183275,1.9023042700574185e-06,9.822134951180177,1.902304270065356e-06,True
newsrelated,cuomo,price_change,n_comments,3235,4,7.38269717813383,6.466568087461436e-06,7.382697178135737,6.466568087439472e-06,True
newsrelated,cuomo,price_change,n_comments,3235,5,6.695618504665199,3.2499489135507555e-06,6.695618504663889,3.2499489135604193e-06,True
newsrelated,cuomo,price_change,n_comments,3235,6,5.680303927151306,6.959944571167472e-06,5.680303927148452,6.959944571218829e-06,True
newsrelated,cuomo,price_change,n_comments,3235,7,5.158844230137034,7.445938103012676e-06,5.158844230133981,7.4459381030804884e-06,True
newsrelated,cuomo,price_change,n_comments,3235,8,4.583682535163641,1.424593949708686e-05,4.583682535161029,1.4245939497212858e-05,True
newsrelated,cuomo,price_change,n_comments,3235,9,4.451957834109852,8.046011996058034e-06,4.4519578341123545,8.046011995982999e-06,True
newsrelated,cuomo,price_change,n_comments,3235,10,4.065159619529648,1.4137165004368247e-05,4.065159619531193,1.4137165004280879e-05,True
newsrelated,cuomo,price_change,n_comments,3235,11,6.528290410286527,7.4881356074989e-11,6.528290410284435,7.48813560757291e-11,True
newsrelated,cuomo,price_change,n_comments,3235,12,5.434113367276487,3.1584598225631725e-09,5.434113367270316,3.1584598226611553e-09,True
newsrelated,cuomo,price_change,log_comments_change,3235,11,1.7976082504864874,0.049028255041562774,1.7976082504864381,0.04902825504156848,True
newsrelated,cuomo,oi_change,mean_compound,3235,1,11.822798217139514,0.0005924999019406105,11.822798217139827,0.0005924999019406105,True
newsrelated,cuomo,oi_change,mean_compound,3235,2,55.160854663949756,2.781107048903013e-24,55.16085466395009,2.7811070489024795e-24,True
newsrelated,cuomo,oi_change,mean_compound,3235,3,38.14580239900371,3.224487530942206e-24,38.14580239900384,3.2244875309416332e-24,True
newsrelated,cuomo,oi_change,mean_compound,3235,4,26.561366685933866,1.0492176425566478e-21,26.561366685933773,1.0492176425568267e-21,True
newsrelated,cuomo,oi_change,mean_compound,3235,5,22.52303381339569,2.8562146885701354e-22,22.523033813395628,2.8562146885706428e-22,True
newsrelated,cuomo,oi_change,mean_compound,3235,6,20.316842377511314,1.8643610368580543e-23,20.31684237751129,1.8643610368583855e-23,True
newsrelated,cuomo,oi_change,mean_compound,3235,7,17.533804312796075,5.902554958646212e-23,17.533804312796015,5.902554958647219e-23,True
newsrelated,cuomo,oi_change,mean_compound,3235,8,20.501768799535135,1.5166110317383044e-30,20.501768799535096,1.5166110317383044e-30,True
newsrelated,cuomo,oi_change,mean_compound,3235,9,22.879736514587186,3.660384672503173e-38,22.87973651458719,3.660384672503173e-38,True
newsrelated,cuomo,oi_change,mean_compound,3235,10,23.095074128076924,2.1950292742265526e-42,23.09507412807687,2.1950292742273326e-42,True
newsrelated,cuomo,oi_change,mean_compound,3235,11,21.3920259083332,1.492393650879181e-42,21.392025908333157,1.492393650879478e-42,True
newsrelated,cuomo,oi_change,mean_compound,3235,12,29.594509233689276,6.730807222537195e-65,29.594509233689276,6.730807222537195e-65,True
newsrelated,cuomo,oi_change,sentiment_change,3235,1,50.54045585455717,1.4304984957909641e-12,50.54045585455785,1.4304984957902272e-12,True
newsrelated,cuomo,oi_change,sentiment_change,3235,2,45.296754860816776,3.97062641648953e-20,45.296754860817074,3.97062641648733e-20,True
newsrelated,cuomo,oi_change,sentiment_change,3235,3,30.949012691649497,1.0177814953243653e-19,30.949012691649756,1.0177814953241773e-19,True
newsrelated,cuomo,oi_change,sentiment_change,3235,4,23.126355099460877,7.212007217179798e-19,23.126355099461023,7.212007217175954e-19,True
newsrelated,cuomo,oi_change,sentiment_change,3235,5,19.37591117023237,4.6984434976609455e-19,19.37591117023234,4.698443497661747e-19,True
newsrelated,cuomo,oi_change,sentiment_change,3235,6,17.176044599213206,1.2190031545610252e-19,17.1760445992132,1.2190031545610252e-19,True
newsrelated,cuomo,oi_change,sentiment_change,3235,7,22.29801378178084,1.1933292110044786e-29,22.29801378178086,1.1933292110040545e-29,True
newsrelated,cuomo,oi_change,sentiment_change,3235,8,23.298563941616088,5.368529427367509e-35,23.298563941615985,5.368529427368577e-35,True
newsrelated,cuomo,oi_change,sentiment_change,3235,9,25.289811438255175,1.9625402060826604e-42,25.289811438255065,1.9625402060833856e-42,True
newsrelated,cuomo,oi_change,sentiment_change,3235,10,22.120273029897447,1.7757237730961967e-40,22.120273029897362,1.7757237730968782e-40,True
newsrelated,cuomo,oi_change,sentiment_change,3235,11,31.918445537997393,7.075220363558878e-65,31.918445537997396,7.075220363558878e-65,True
newsrelated,cuomo,oi_change,sentiment_change,3235,12,29.93158072600383,1.1480418837726285e-65,29.931580726003734,1.1480418837732483e-65,True
newsrelated,cuomo,oi_change,n_comments,3235,1,164.33536446866032,9.887870847069123e-37,164.33536446866052,9.887870847069123e-37,True
newsrelated,cuomo,oi_change,n_comments,3235,2,485.12076140635634,6.136145100831684e-185,485.12076140635617,6.136145100832731e-185,True
newsrelated,cuomo,oi_change,n_comments,3235,3,496.71309758078496,2.5159967187624706e-265,496.7130975807843,2.515996718763615e-265,True
newsrelated,cuomo,oi_change,n_comments,3235,4,361.4589656373015,2.208073803778457e-257,361.4589656373016,2.2080738037779548e-257,True
newsrelated,cuomo,oi_change,n_comments,3235,5,288.7821766590392,7.896181858035866e-256,288.78217665903975,7.896181858027786e-256,True
newsrelated,cuomo,oi_change,n_comments,3235,6,241.92519240683777,9.289152320841402e-256,241.92519240683836,9.289152320829785e-256,True
newsrelated,cuomo,oi_change,n_comments,3235,7,212.23966647140273,1.1717508603021458e-259,212.2396664714025,1.1717508603028118e-259,True
newsrelated,cuomo,oi_change,n_comments,3235,8,188.75675175986802,4.0968583976423244e-262,188.7567517598681,4.096858397641393e-262,True
newsrelated,cuomo,oi_change,n_comments,3235,9,175.67259638432517,2.3262803332910544e-271,175.6725963843254,2.3262803332899965e-271,True
newsrelated,cuomo,oi_change,n_comments,3235,10,162.3019361685097,2.6028030308075146e-276,162.30193616851025,2.6028030308033716e-276,True
newsrelated,cuomo,oi_change,n_comments,3235,11,155.28520004710978,2.5044624158968855e-287,155.2852000471097,2.5044624158980244e-287,True
newsrelated,cuomo,oi_change,n_comments,3235,12,146.67848021078404,1.5255123853325814e-293,146.6784802107847,1.525512385328766e-293,True
newsrelated,cuomo,oi_change,log_comments_change,3235,1,116.95585971131744,8.398355242282325e-27,116.95585971131794,8.398355242280834e-27,True
newsrelated,cuomo,oi_change,log_comments_change,3235,2,71.70447668533436,3.396672086125023e-31,71.70447668533465,3.3966720861243475e-31,True
newsrelated,cuomo,oi_change,log_comments_change,3235,3,52.83717215052319,2.4727877524136535e-33,52.83717215052332,2.4727877524131968e-33,True
newsrelated,cuomo,oi_change,log_comments_change,3235,4,38.84688738803992,8.359165979364584e-32,38.846887388039725,8.359165979367672e-32,True
newsrelated,cuomo,oi_change,log_comments_change,3235,5,31.62204360989592,1.5278946203884257e-31,31.62204360989579,1.5278946203887296e-31,True
newsrelated,cuomo,oi_change,log_comments_change,3235,6,28.183768327803673,5.4007229268741996e-33,28.183768327803676,5.4007229268741996e-33,True
newsrelated,cuomo,oi_change,log_comments_change,3235,7,26.716746626869643,7.66668868948366e-36,26.71674662686961,7.666688689484968e-36,True
newsrelated,cuomo,oi_change,log_comments_change,3235,8,28.894185308570048,7.30106549480088e-44,28.894185308570183,7.301065494798183e-44,True
newsrelated,cuomo,oi_change,log_comments_change,3235,9,26.928736469794476,2.4922921652159964e-45,26.928736469794437,2.492292165216492e-45,True
newsrelated,cuomo,oi_change,log_comments_change,3235,10,24.153136347345978,1.876993450957502e-44,24.153136347345946,1.8769934509578487e-44,True
newsrelated,cuomo,oi_change,log_comments_change,3235,11,23.370978769247774,8.782880961904162e-47,23.370978769247703,8.782880961907406e-47,True
newsrelated,cuomo,oi_change,log_comments_change,3235,12,21.941934368815545,2.6506230687105535e-47,21.941934368815538,2.6506230687105535e-47,True
