date,yes_bid.close_dollars,yes_bid.high_dollars,yes_bid.low_dollars,volume,open_interest
2024-11-10 05:00:00,0.1000,0.1000,0.0000,396,396
2024-11-11 05:00:00,0.0900,0.1000,0.0900,0,396
2024-11-12 05:00:00,0.0900,0.0900,0.0900,6,402
2024-11-13 05:00:00,0.1000,0.1000,0.0900,625,1026
2024-11-14 05:00:00,0.1000,0.1000,0.1000,108,1134
2024-11-15 05:00:00,0.1000,0.1000,0.1000,201,935
2024-11-17 05:00:00,0.1100,0.1100,0.1000,0,935
2024-11-18 05:00:00,0.1100,0.1100,0.1100,1,936
2024-11-19 05:00:00,0.1100,0.1100,0.1100,100,1036
2024-11-20 05:00:00,0.1100,0.1100,0.1100,1,1037
2024-11-21 05:00:00,0.1100,0.1200,0.1100,223,1260
2024-11-23 05:00:00,0.1100,0.1100,0.1100,36,1296
2024-11-26 05:00:00,0.1100,0.1100,0.1100,203,1470
2024-11-27 05:00:00,0.1100,0.1100,0.1100,73,1543
2024-11-29 05:00:00,0.1100,0.1100,0.1100,200,1743
2024-12-01 05:00:00,0.1100,0.1100,0.1100,36,1779
2024-12-02 05:00:00,0.1100,0.1100,0.1100,101,1880
2024-12-03 05:00:00,0.1100,0.1200,0.1100,39,1883
2024-12-04 05:00:00,0.1100,0.1100,0.1100,72,1883
2024-12-06 05:00:00,0.1100,0.1100,0.1100,8,1891
2024-12-07 05:00:00,0.1100,0.1100,0.1100,67,1958
2024-12-08 05:00:00,0.1100,0.1100,0.1100,7,1958
2024-12-09 05:00:00,0.1100,0.1100,0.1100,7,1958
2024-12-10 05:00:00,0.1300,0.1300,0.1100,126,1958
2024-12-11 05:00:00,0.1300,0.1300,0.1300,336,2294
2024-12-12 05:00:00,0.1100,0.1300,0.1100,67,2361
2024-12-13 05:00:00,0.1100,0.1200,0.1100,135,2496
2024-12-18 05:00:00,0.1100,0.1100,0.1100,200,2596
2024-12-19 05:00:00,0.1100,0.1100,0.1100,329,2702
2024-12-23 05:00:00,0.1100,0.1100,0.1100,5,2707
2024-12-27 05:00:00,0.1100,0.1100,0.1100,70,2637
2024-12-31 05:00:00,0.1100,0.1100,0.1100,28,2665
2025-01-03 05:00:00,0.1100,0.1100,0.1100,1,2665
2025-01-04 05:00:00,0.1100,0.1100,0.1100,247,2911
2025-01-06 05:00:00,0.1100,0.1100,0.1100,28,2883
2025-01-07 05:00:00,0.1100,0.1100,0.1100,15,2897
2025-01-08 05:00:00,0.1100,0.1100,0.1000,725,2555
2025-01-09 05:00:00,0.1000,0.1100,0.1000,121,2574
2025-01-10 05:00:00,0.1100,0.1100,0.1000,0,2574
2025-01-11 05:00:00,0.1000,0.1100,0.1000,0,2574
2025-01-13 05:00:00,0.1000,0.1000,0.1000,0,2574
2025-01-14 05:00:00,0.1000,0.1000,0.1000,0,2574
2025-01-19 05:00:00,0.1000,0.1000,0.1000,0,2574
2025-01-20 05:00:00,0.1000,0.1000,0.1000,0,2574
2025-01-21 05:00:00,0.1000,0.1000,0.1000,454,3028
2025-01-22 05:00:00,0.1000,0.1000,0.0700,50,3060
2025-01-26 05:00:00,0.1000,0.1000,0.1000,50,3060
2025-01-27 05:00:00,0.1000,0.1000,0.1000,85,2975
2025-01-28 05:00:00,0.1000,0.1000,0.1000,100,2875
2025-01-29 05:00:00,0.1100,0.1100,0.1000,183,3058
2025-01-30 05:00:00,0.1100,0.1100,0.0900,0,3058
2025-01-31 05:00:00,0.1100,0.1100,0.1000,0,3058
2025-02-01 05:00:00,0.1100,0.1100,0.1000,365,3289
2025-02-02 05:00:00,0.0900,0.1100,0.0900,347,3625
2025-02-03 05:00:00,0.0900,0.0900,0.0900,1429,5053
2025-02-04 05:00:00,0.0900,0.0900,0.0900,0,5053
2025-02-05 05:00:00,0.0900,0.0900,0.0800,0,5053
2025-02-06 05:00:00,0.0900,0.0900,0.0800,0,5053
2025-02-07 05:00:00,0.1000,0.1000,0.0800,0,5053
2025-02-08 05:00:00,0.1000,0.1000,0.0900,10,5063
2025-02-10 05:00:00,0.1000,0.1000,0.1000,0,5063
2025-02-11 05:00:00,0.1100,0.1100,0.0900,13,5076
2025-02-12 05:00:00,0.1100,0.1100,0.1100,1,5076
2025-02-13 05:00:00,0.1100,0.1200,0.1100,85,5161
2025-02-14 05:00:00,0.1200,0.1200,0.1100,54,5215
2025-02-15 05:00:00,0.1100,0.1200,0.1100,1,5215
2025-02-17 05:00:00,0.1100,0.1100,0.1100,11,5215
2025-02-18 05:00:00,0.1000,0.1100,0.1000,1,5215
2025-02-19 05:00:00,0.1000,0.1100,0.1000,1,5216
2025-02-20 05:00:00,0.1100,0.1100,0.1000,647,5863
2025-02-22 05:00:00,0.1000,0.1100,0.1000,0,5863
2025-02-24 05:00:00,0.1000,0.1000,0.1000,0,5863
2025-02-25 05:00:00,0.0900,0.1000,0.0900,583,6120
2025-02-26 05:00:00,0.0900,0.0900,0.0800,1,6120
2025-02-27 05:00:00,0.0900,0.0900,0.0900,0,6120
2025-02-28 05:00:00,0.0900,0.1000,0.0900,108,6198
2025-03-01 05:00:00,0.1000,0.1000,0.0900,2,6200
2025-03-02 05:00:00,0.1000,0.1000,0.1000,1,6200
2025-03-04 05:00:00,0.1000,0.1000,0.1000,0,6200
2025-03-05 05:00:00,0.1000,0.1000,0.1000,139,6339
2025-03-07 05:00:00,0.1000,0.1000,0.0900,54,6336
2025-03-09 05:00:00,0.1000,0.1000,0.1000,277,6336
2025-03-11 04:00:00,0.0900,0.1000,0.0500,755,6610
2025-03-12 04:00:00,0.0900,0.0900,0.0900,0,6610
2025-03-13 04:00:00,0.0900,0.0900,0.0200,0,6610
2025-03-16 04:00:00,0.0900,0.0900,0.0700,235,6845
2025-03-17 04:00:00,0.0800,0.0900,0.0700,1147,6845
2025-03-18 04:00:00,0.0600,0.0800,0.0600,115,6845
2025-03-19 04:00:00,0.0600,0.0600,0.0600,1,6845
2025-03-20 04:00:00,0.0600,0.0600,0.0600,0,6845
2025-03-21 04:00:00,0.0600,0.0600,0.0600,0,6845
2025-03-24 04:00:00,0.0600,0.0600,0.0600,0,6845
2025-03-25 04:00:00,0.0700,0.0700,0.0500,2,6845
2025-03-26 04:00:00,0.0700,0.0800,0.0600,507,7106
2025-03-27 04:00:00,0.0700,0.0800,0.0700,0,7106
2025-03-29 04:00:00,0.0700,0.0700,0.0700,1,7107
2025-04-01 04:00:00,0.0700,0.0700,0.0700,0,7107
2025-04-02 04:00:00,0.0700,0.0700,0.0700,1,7106
2025-04-04 04:00:00,0.0700,0.0700,0.0700,0,7106
2025-04-05 04:00:00,0.0600,0.0700,0.0600,0,7106
2025-04-06 04:00:00,0.0700,0.0700,0.0600,0,7106
2025-04-11 04:00:00,0.0700,0.0700,0.0700,103,7209
2025-04-12 04:00:00,0.0700,0.0700,0.0700,0,7209
2025-04-14 04:00:00,0.0600,0.0700,0.0600,0,7209
2025-04-15 04:00:00,0.0600,0.0600,0.0600,47,7256
2025-04-20 04:00:00,0.0600,0.0600,0.0600,112,7368
2025-04-23 04:00:00,0.0600,0.0600,0.0600,71,7437
2025-04-25 04:00:00,0.0600,0.0600,0.0600,0,7437
2025-04-26 04:00:00,0.0600,0.0600,0.0600,47,7484
2025-04-28 04:00:00,0.0600,0.0600,0.0600,0,7484
2025-04-29 04:00:00,0.0600,0.0600,0.0600,77,7555
2025-04-30 04:00:00,0.0600,0.0600,0.0600,0,7555
2025-05-01 04:00:00,0.0600,0.0600,0.0600,10,7565
2025-05-02 04:00:00,0.0600,0.0600,0.0600,0,7565
2025-05-03 04:00:00,0.0600,0.0600,0.0600,0,7565
2025-05-04 04:00:00,0.0600,0.0600,0.0600,0,7565
2025-05-05 04:00:00,0.0600,0.0600,0.0600,0,7565
2025-05-06 04:00:00,0.0600,0.0600,0.0600,0,7565
2025-05-07 04:00:00,0.0600,0.0600,0.0600,0,7565
2025-05-08 04:00:00,0.0700,0.0700,0.0600,10,7575
2025-05-09 04:00:00,0.0700,0.0700,0.0700,0,7575
2025-05-10 04:00:00,0.0700,0.0700,0.0700,0,7575
2025-05-11 04:00:00,0.0700,0.0700,0.0700,0,7575
2025-05-12 04:00:00,0.0700,0.0700,0.0700,0,7575
2025-05-13 04:00:00,0.0700,0.0700,0.0700,0,7575
2025-05-14 04:00:00,0.0700,0.0700,0.0700,0,7575
2025-05-15 04:00:00,0.0700,0.0700,0.0700,0,7575
2025-05-16 04:00:00,0.0700,0.0700,0.0700,1,7575
2025-05-17 04:00:00,0.0700,0.0700,0.0700,52,7627
2025-05-18 04:00:00,0.0700,0.0700,0.0700,0,7627
2025-05-19 04:00:00,0.0700,0.0700,0.0700,0,7627
2025-05-20 04:00:00,0.0700,0.0700,0.0700,0,7627
2025-05-21 04:00:00,0.0700,0.0700,0.0700,0,7627
2025-05-22 04:00:00,0.0700,0.0700,0.0700,0,7627
2025-05-23 04:00:00,0.0700,0.0700,0.0700,0,7627
2025-05-24 04:00:00,0.0700,0.0700,0.0700,0,7627
2025-05-25 04:00:00,0.0600,0.0700,0.0600,0,7627
2025-05-26 04:00:00,0.0600,0.0600,0.0600,0,7627
2025-05-27 04:00:00,0.0600,0.0600,0.0600,0,7627
2025-05-28 04:00:00,0.0600,0.0600,0.0600,0,7627
2025-05-29 04:00:00,0.0600,0.0600,0.0600,340,7967
2025-05-30 04:00:00,0.0600,0.0600,0.0600,1004,8202
2025-05-31 04:00:00,0.0600,0.0600,0.0600,10,8212
2025-06-01 04:00:00,0.0600,0.0600,0.0600,0,8212
2025-06-02 04:00:00,0.0600,0.0600,0.0600,0,8212
2025-06-03 04:00:00,0.0600,0.0600,0.0600,37,8249
2025-06-04 04:00:00,0.0600,0.0600,0.0600,0,8249
2025-06-05 04:00:00,0.0600,0.0600,0.0600,0,8249
2025-06-06 04:00:00,0.0600,0.0600,0.0600,0,8249
2025-06-07 04:00:00,0.0700,0.0700,0.0600,230,8313
2025-06-08 04:00:00,0.0700,0.0700,0.0700,0,8313
2025-06-09 04:00:00,0.0700,0.0700,0.0700,0,8313
2025-06-10 04:00:00,0.0700,0.1100,0.0700,4748,13046
2025-06-11 04:00:00,0.0600,0.0700,0.0600,172,13218
2025-06-12 04:00:00,0.0600,0.0600,0.0600,198,13416
2025-06-13 04:00:00,0.0600,0.0600,0.0500,1618,15034
2025-06-14 04:00:00,0.0600,0.0600,0.0600,19,15053
2025-06-15 04:00:00,0.0600,0.0700,0.0600,3878,17797
2025-06-16 04:00:00,0.0600,0.0600,0.0600,234,18031
2025-06-17 04:00:00,0.0400,0.0600,0.0000,6417,19805
2025-06-18 04:00:00,0.0200,0.0400,0.0000,2939,22744
2025-06-19 04:00:00,0.0500,0.0500,0.0100,1312,23744
2025-06-20 04:00:00,0.0200,0.0500,0.0200,90,23834
2025-06-21 04:00:00,0.0300,0.0300,0.0200,93,23927
2025-06-22 04:00:00,0.0300,0.0300,0.0300,1006,24020
2025-06-23 04:00:00,0.0300,0.0300,0.0200,3991,27652
2025-06-24 04:00:00,0.0400,0.0500,0.0300,27818,52775
2025-06-25 04:00:00,0.0200,0.0600,0.0200,87532,135073
2025-06-26 04:00:00,0.0200,0.0300,0.0100,297196,405944
2025-06-27 04:00:00,0.0200,0.0200,0.0200,143547,507065
2025-06-28 04:00:00,0.0200,0.0200,0.0200,69932,556554
2025-06-29 04:00:00,0.0200,0.0200,0.0200,15990,567335
2025-06-30 04:00:00,0.0200,0.0200,0.0200,48202,552459
2025-07-01 04:00:00,0.0200,0.0200,0.0200,11310,561757
2025-07-02 04:00:00,0.0200,0.0200,0.0200,16246,566318
2025-07-03 04:00:00,0.0200,0.0200,0.0200,28257,572903
2025-07-04 04:00:00,0.0100,0.0200,0.0100,60251,607954
2025-07-05 04:00:00,0.0100,0.0100,0.0100,3485,611360
2025-07-06 04:00:00,0.0100,0.0100,0.0100,17815,621096
2025-07-07 04:00:00,0.0100,0.0100,0.0100,10027,616895
2025-07-08 04:00:00,0.0100,0.0100,0.0100,24990,640060
2025-07-09 04:00:00,0.0100,0.0100,0.0100,12215,650465
2025-07-10 04:00:00,0.0100,0.0100,0.0100,17095,658844
2025-07-11 04:00:00,0.0100,0.0100,0.0100,4357,663201
2025-07-12 04:00:00,0.0100,0.0100,0.0100,6074,669265
2025-07-13 04:00:00,0.0100,0.0100,0.0100,7751,673588
2025-07-14 04:00:00,0.0100,0.0100,0.0100,30015,676612
2025-07-15 04:00:00,0.0100,0.0100,0.0100,10824,687436
2025-07-16 04:00:00,0.0100,0.0100,0.0100,20137,703612
2025-07-17 04:00:00,0.0100,0.0100,0.0100,92628,795758
2025-07-18 04:00:00,0.0100,0.0100,0.0100,31652,804058
2025-07-19 04:00:00,0.0100,0.0100,0.0100,77505,858534
2025-07-20 04:00:00,0.0100,0.0100,0.0100,29846,887835
2025-07-21 04:00:00,0.0100,0.0100,0.0100,101453,953667
2025-07-22 04:00:00,0.0200,0.0200,0.0100,163488,1078670
2025-07-23 04:00:00,0.0200,0.0200,0.0200,95266,1149539
2025-07-24 04:00:00,0.0200,0.0200,0.0200,8411,1149539
2025-07-25 04:00:00,0.0200,0.0200,0.0200,6511,1149539
2025-07-26 04:00:00,0.0300,0.0300,0.0200,230542,1310881
2025-07-27 04:00:00,0.0400,0.0400,0.0300,170954,1463336
2025-07-28 04:00:00,0.0300,0.0400,0.0300,38219,1473349
2025-07-29 04:00:00,0.0300,0.0400,0.0300,55545,1494992
2025-07-30 04:00:00,0.0300,0.0400,0.0300,84046,1527484
2025-07-31 04:00:00,0.0300,0.0300,0.0300,28511,1543337
2025-08-01 04:00:00,0.0200,0.0300,0.0200,50548,1553528
2025-08-02 04:00:00,0.0200,0.0200,0.0200,36216,1579318
2025-08-03 04:00:00,0.0200,0.0200,0.0200,1801,1581119
2025-08-04 04:00:00,0.0200,0.0200,0.0200,6055,1586932
2025-08-05 04:00:00,0.0200,0.0200,0.0200,46527,1627901
2025-08-06 04:00:00,0.0200,0.0200,0.0200,3387,1631228
2025-08-07 04:00:00,0.0200,0.0200,0.0200,9356,1635332
2025-08-08 04:00:00,0.0200,0.0200,0.0200,14820,1627659
2025-08-09 04:00:00,0.0200,0.0200,0.0200,35271,1646205
2025-08-10 04:00:00,0.0200,0.0200,0.0200,3666,1649591
2025-08-11 04:00:00,0.0200,0.0200,0.0200,3123,1652714
2025-08-12 04:00:00,0.0200,0.0200,0.0200,3284,1655156
2025-08-13 04:00:00,0.0200,0.0200,0.0200,7249,1661405
2025-08-14 04:00:00,0.0200,0.0200,0.0200,15115,1674620
2025-08-15 04:00:00,0.0200,0.0200,0.0200,3855,1673132
2025-08-16 04:00:00,0.0200,0.0200,0.0200,3086,1673415
2025-08-17 04:00:00,0.0200,0.0200,0.0200,27700,1677963
2025-08-18 04:00:00,0.0200,0.0200,0.0200,5300,1683263
2025-08-19 04:00:00,0.0200,0.0200,0.0200,36060,1719323
2025-08-20 04:00:00,0.0200,0.0200,0.0200,17563,1727576
2025-08-21 04:00:00,0.0200,0.0200,0.0200,6207,1726232
2025-08-22 04:00:00,0.0200,0.0200,0.0200,10870,1736785
2025-08-23 04:00:00,0.0200,0.0200,0.0200,14235,1735693
2025-08-24 04:00:00,0.0200,0.0200,0.0200,2317,1737974
2025-08-25 04:00:00,0.0200,0.0200,0.0200,168,1738130
2025-08-26 04:00:00,0.0200,0.0200,0.0200,6197,1739053
2025-08-27 04:00:00,0.0200,0.0200,0.0200,40262,1731726
2025-08-28 04:00:00,0.0200,0.0200,0.0200,83614,1803894
2025-08-29 04:00:00,0.0200,0.0200,0.0200,23659,1827552
2025-08-30 04:00:00,0.0200,0.0200,0.0200,15098,1841759
2025-08-31 04:00:00,0.0200,0.0200,0.0200,10947,1847514
2025-09-01 04:00:00,0.0200,0.0200,0.0200,324,1847838
2025-09-02 04:00:00,0.0200,0.0200,0.0200,9208,1849424
2025-09-03 04:00:00,0.0200,0.0200,0.0200,14294,1848210
2025-09-04 04:00:00,0.0200,0.0200,0.0200,86690,1870222
2025-09-05 04:00:00,0.0200,0.0200,0.0200,18211,1888104
2025-09-06 04:00:00,0.0200,0.0200,0.0200,7737,1894965
2025-09-07 04:00:00,0.0200,0.0200,0.0200,33714,1928617
2025-09-08 04:00:00,0.0200,0.0200,0.0200,5985,1934571
2025-09-09 04:00:00,0.0200,0.0200,0.0200,9554,1944125
2025-09-10 04:00:00,0.0200,0.0200,0.0200,100256,2010436
2025-09-11 04:00:00,0.0200,0.0200,0.0200,4373,2014545
2025-09-12 04:00:00,0.0200,0.0200,0.0200,3580,2014553
2025-09-13 04:00:00,0.0200,0.0200,0.0200,10411,2014741
2025-09-14 04:00:00,0.0200,0.0200,0.0200,43036,2007328
2025-09-15 04:00:00,0.0200,0.0200,0.0200,942,2007708
2025-09-16 04:00:00,0.0100,0.0200,0.0100,70693,2042494
2025-09-17 04:00:00,0.0000,0.0100,0.0000,58768,2095453
2025-09-18 04:00:00,0.0000,0.0000,0.0000,22185,2099109
2025-09-19 04:00:00,0.0000,0.0000,0.0000,37796,2109109
2025-09-20 04:00:00,0.0000,0.0000,0.0000,59635,2152249
2025-09-21 04:00:00,0.0000,0.0100,0.0000,9642,2161891
2025-09-22 04:00:00,0.0000,0.0000,0.0000,7262,2161223
2025-09-23 04:00:00,0.0000,0.0000,0.0000,2186,2161000
2025-09-24 04:00:00,0.0000,0.0000,0.0000,31156,2189699
2025-09-25 04:00:00,0.0000,0.0000,0.0000,10030,2195722
2025-09-26 04:00:00,0.0000,0.0000,0.0000,16083,2202727
2025-09-27 04:00:00,0.0100,0.0100,0.0000,14420,2198771
2025-09-28 04:00:00,0.0100,0.0100,0.0100,3534,2201690
2025-09-29 04:00:00,0.0100,0.0100,0.0100,70686,2247756
2025-09-30 04:00:00,0.0000,0.0100,0.0000,70781,2288311
2025-10-01 04:00:00,0.0200,0.0200,0.0000,178840,2377912
2025-10-02 04:00:00,0.0100,0.0200,0.0100,88798,2463755
2025-10-03 04:00:00,0.0100,0.0100,0.0100,27754,2491291
2025-10-04 04:00:00,0.0100,0.0100,0.0100,33298,2510574
2025-10-05 04:00:00,0.0100,0.0100,0.0100,29569,2515143
2025-10-06 04:00:00,0.0100,0.0100,0.0100,16785,2525415
2025-10-07 04:00:00,0.0100,0.0100,0.0100,30513,2545597
2025-10-08 04:00:00,0.0100,0.0100,0.0100,12688,2556756
2025-10-09 04:00:00,0.0100,0.0100,0.0100,22022,2578654
2025-10-10 04:00:00,0.0000,0.0100,0.0000,87882,2633404
2025-10-11 04:00:00,0.0000,0.0000,0.0000,94036,2727440
2025-10-12 04:00:00,0.0000,0.0000,0.0000,23487,2750925
2025-10-13 04:00:00,0.0000,0.0000,0.0000,73646,2792821
2025-10-14 04:00:00,0.0000,0.0000,0.0000,55012,2847833
2025-10-15 04:00:00,0.0000,0.0000,0.0000,36453,2884286
2025-10-16 04:00:00,0.0000,0.0000,0.0000,57838,2942124
2025-10-17 04:00:00,0.0000,0.0100,0.0000,256164,3119235
2025-10-18 04:00:00,0.0000,0.0100,0.0000,238319,3333137
2025-10-19 04:00:00,0.0000,0.0000,0.0000,60438,3388574
2025-10-20 04:00:00,0.0000,0.0100,0.0000,136595,3513169
2025-10-21 04:00:00,0.0000,0.0000,0.0000,139899,3652763
2025-10-22 04:00:00,0.0000,0.0000,0.0000,302112,3954752
2025-10-23 04:00:00,0.0000,0.0000,0.0000,302870,4257516
2025-10-24 04:00:00,0.0100,0.0100,0.0000,256680,4463201
2025-10-25 04:00:00,0.0100,0.0100,0.0100,294881,4581318
2025-10-26 04:00:00,0.0100,0.0200,0.0100,555058,4798712
2025-10-27 04:00:00,0.0100,0.0100,0.0100,201013,4921868
2025-10-28 04:00:00,0.0100,0.0100,0.0100,255721,4925624
2025-10-29 04:00:00,0.0000,0.0100,0.0000,1167458,5270923
2025-10-30 04:00:00,0.0000,0.0000,0.0000,444596,5713984
2025-10-31 04:00:00,0.0000,0.0000,0.0000,264471,5978455
2025-11-01 04:00:00,0.0000,0.0000,0.0000,312035,6290490
2025-11-02 04:00:00,0.0000,0.0000,0.0000,218870,6509360
2025-11-03 04:00:00,0.0000,0.0000,0.0000,0,6697893
2025-11-04 05:00:00,0.0000,0.0000,0.0000,693299,7367613
2025-11-05 05:00:00,0.0000,0.0000,0.0000,711557,8079120
2025-11-06 05:00:00,0.0000,0.0000,0.0000,6591,8083960
2025-11-07 05:00:00,0.0000,0.0000,0.0000,10036,8091996
