date,n_comments,mean_compound,median_compound,mean_pos,mean_neu,mean_neg,pct_positive,pct_negative,pct_neutral,total_words,mean_words
2024-11-04,9,-0.012466666666666662,0.0,0.12444444444444445,0.8071111111111111,0.06844444444444445,33.33333333333333,44.44444444444444,22.22222222222222,126,14.0
2024-11-10,1,-0.4471,-0.4471,0.0,0.764,0.236,0.0,100.0,0.0,21,21.0
2024-11-17,2,0.2775,0.2775,0.0885,0.855,0.0565,50.0,0.0,50.0,155,77.5
2024-11-19,1,-0.0097,-0.0097,0.09,0.843,0.067,0.0,0.0,100.0,37,37.0
2024-11-23,1,0.4767,0.4767,0.223,0.677,0.1,100.0,0.0,0.0,20,20.0
2024-11-28,1,0.2263,0.2263,0.192,0.808,0.0,100.0,0.0,0.0,10,10.0
2024-12-04,2,0.31845,0.31845,0.063,0.9205,0.0165,50.0,0.0,50.0,130,65.0
2024-12-05,3,0.26926666666666665,0.2732,0.10100000000000002,0.8576666666666667,0.042,66.66666666666666,0.0,33.33333333333333,79,26.333333333333332
2024-12-12,1,-0.7906,-0.7906,0.049,0.835,0.116,0.0,100.0,0.0,97,97.0
2024-12-15,4,0.11482500000000001,0.0,0.042749999999999996,0.92475,0.03275,25.0,25.0,50.0,132,33.0
2024-12-16,3,-0.2917,0.0,0.03366666666666667,0.8576666666666667,0.10833333333333334,33.33333333333333,33.33333333333333,33.33333333333333,96,32.0
2024-12-17,6,0.3380166666666667,0.6891,0.10666666666666667,0.8175,0.076,66.66666666666666,33.33333333333333,0.0,649,108.16666666666667
2024-12-18,2,-0.02244999999999997,-0.02244999999999997,0.0745,0.7929999999999999,0.132,50.0,50.0,0.0,215,107.5
2024-12-19,27,0.06520740740740741,0.1779,0.10877777777777776,0.788074074074074,0.10322222222222222,55.55555555555556,40.74074074074074,3.7037037037037033,1461,54.111111111111114
2024-12-20,15,-0.19880666666666666,-0.2462,0.09666666666666666,0.7607333333333333,0.14266666666666666,33.33333333333333,53.333333333333336,13.333333333333334,872,58.13333333333333
2024-12-21,9,-0.11104444444444445,-0.2732,0.09544444444444444,0.7564444444444445,0.148,33.33333333333333,55.55555555555556,11.11111111111111,283,31.444444444444443
2024-12-22,77,-0.021451948051948052,0.0,0.11174025974025972,0.7527272727272727,0.13548051948051948,38.961038961038966,44.15584415584416,16.883116883116884,3006,39.03896103896104
2024-12-23,2,-0.756,-0.756,0.11199999999999999,0.6345,0.2535,0.0,100.0,0.0,71,35.5
2024-12-24,17,-0.03423529411764705,0.0516,0.25688235294117645,0.6405882352941177,0.10252941176470587,52.94117647058824,41.17647058823529,5.88235294117647,511,30.058823529411764
2024-12-25,5,-0.16505999999999998,-0.2263,0.081,0.6798,0.2392,40.0,60.0,0.0,216,43.2
2024-12-26,4,0.03867499999999999,0.0469,0.14325,0.731,0.1255,50.0,50.0,0.0,204,51.0
2024-12-27,1,0.0,0.0,0.0,1.0,0.0,0.0,0.0,100.0,22,22.0
2025-01-02,1,-0.9185,-0.9185,0.081,0.805,0.114,0.0,100.0,0.0,241,241.0
2025-01-05,4,-0.272975,-0.43445,0.07475000000000001,0.82925,0.09575,25.0,50.0,25.0,281,70.25
2025-01-06,2,0.37285,0.37285,0.082,0.909,0.009,100.0,0.0,0.0,160,80.0
2025-01-19,1,0.4215,0.4215,0.077,0.854,0.069,100.0,0.0,0.0,92,92.0
2025-01-20,4,0.21845,0.1205,0.091,0.83275,0.07625,50.0,25.0,25.0,115,28.75
2025-01-21,3,-0.3471666666666666,-0.3818,0.0,0.8836666666666666,0.11633333333333334,0.0,66.66666666666666,33.33333333333333,71,23.666666666666668
2025-01-22,1,-0.5574,-0.5574,0.0,0.783,0.217,0.0,100.0,0.0,14,14.0
2025-01-23,1,0.0,0.0,0.0,1.0,0.0,0.0,0.0,100.0,24,24.0
2025-01-24,1,-0.0387,-0.0387,0.155,0.688,0.157,0.0,0.0,100.0,49,49.0
2025-01-29,2,0.148,0.148,0.0615,0.8985000000000001,0.04,50.0,0.0,50.0,42,21.0
2025-01-30,6,0.24440000000000003,0.04065,0.07083333333333333,0.8793333333333333,0.049833333333333334,50.0,16.666666666666664,33.33333333333333,401,66.83333333333333
2025-01-31,2,0.6353,0.6353,0.1945,0.7785,0.027,100.0,0.0,0.0,159,79.5
2025-02-01,1,0.4574,0.4574,0.374,0.626,0.0,100.0,0.0,0.0,5,5.0
2025-02-02,1,-0.3182,-0.3182,0.0,0.796,0.204,0.0,100.0,0.0,11,11.0
2025-02-03,1,0.5859,0.5859,0.153,0.847,0.0,100.0,0.0,0.0,22,22.0
2025-02-04,3,-0.13603333333333337,-0.1891,0.06366666666666666,0.8356666666666667,0.10066666666666667,33.33333333333333,66.66666666666666,0.0,181,60.333333333333336
2025-02-05,3,0.22409999999999997,0.4019,0.10633333333333334,0.8276666666666667,0.06566666666666666,66.66666666666666,33.33333333333333,0.0,186,62.0
2025-02-06,1,0.0,0.0,0.0,1.0,0.0,0.0,0.0,100.0,21,21.0
2025-02-14,21,0.2307904761904762,0.4215,0.16157142857142856,0.7559523809523809,0.08252380952380953,66.66666666666666,28.57142857142857,4.761904761904762,775,36.904761904761905
2025-02-15,12,0.09440833333333333,0.0772,0.14641666666666667,0.7335833333333334,0.12,66.66666666666666,33.33333333333333,0.0,483,40.25
2025-02-16,3,0.27930000000000005,0.3612,0.08533333333333333,0.9146666666666666,0.0,66.66666666666666,0.0,33.33333333333333,60,20.0
2025-02-19,5,0.19844,0.0,0.07980000000000001,0.8702,0.0496,40.0,20.0,40.0,286,57.2
2025-02-20,10,-0.0032000000000000097,0.07185000000000001,0.1096,0.746,0.1443,50.0,40.0,10.0,734,73.4
2025-02-21,6,-0.5992333333333334,-0.72525,0.07683333333333334,0.8186666666666667,0.10433333333333333,16.666666666666664,83.33333333333334,0.0,487,81.16666666666667
2025-02-22,32,-0.074575,-0.09634999999999999,0.08965625,0.7621875,0.14821875,34.375,53.125,12.5,600,18.75
2025-02-23,82,0.03459390243902438,0.0,0.11863414634146341,0.7796951219512196,0.1016829268292683,39.02439024390244,34.146341463414636,26.82926829268293,1879,22.914634146341463
2025-02-24,195,0.022177948717948717,0.0,0.11351794871794871,0.7789384615384616,0.10753333333333334,42.05128205128205,40.0,17.94871794871795,5959,30.55897435897436
2025-02-25,80,-0.1133,-0.12390000000000001,0.0864875,0.77705,0.1365,32.5,53.75,13.750000000000002,2840,35.5
2025-02-26,7,-0.18767142857142854,-0.1759,0.082,0.832,0.08585714285714285,28.57142857142857,57.14285714285714,14.285714285714285,594,84.85714285714286
2025-02-27,195,-0.05548666666666666,0.0,0.11323589743589743,0.7623333333333333,0.12443076923076923,36.41025641025641,43.58974358974359,20.0,6272,32.16410256410256
2025-02-28,149,-0.06314362416107382,0.0,0.12538926174496645,0.7584966442953021,0.1161275167785235,32.88590604026846,44.966442953020135,22.14765100671141,3677,24.677852348993287
2025-03-01,212,-0.023410849056603778,0.0,0.1248066037735849,0.7430188679245283,0.1321933962264151,41.509433962264154,39.15094339622642,19.339622641509436,4887,23.05188679245283
2025-03-02,273,0.057097069597069595,0.0,0.1368058608058608,0.7446153846153846,0.11856410256410257,44.68864468864469,38.82783882783883,16.483516483516482,6997,25.63003663003663
2025-03-03,248,-0.025836290322580644,0.0,0.10335887096774193,0.7762822580645161,0.12035887096774193,40.32258064516129,42.33870967741936,17.338709677419356,7908,31.887096774193548
2025-03-04,172,0.015933720930232556,0.0,0.11401744186046513,0.7848372093023255,0.10109883720930232,39.53488372093023,36.627906976744185,23.837209302325583,4889,28.424418604651162
2025-03-05,34,0.05995,0.0,0.09905882352941175,0.7888235294117647,0.11208823529411764,41.17647058823529,35.294117647058826,23.52941176470588,1678,49.35294117647059
2025-03-06,16,0.04932500000000001,0.0,0.1055625,0.7981875,0.0964375,37.5,43.75,18.75,447,27.9375
2025-03-07,11,0.17254545454545456,0.0,0.10027272727272728,0.8280909090909091,0.07154545454545455,45.45454545454545,36.36363636363637,18.181818181818183,517,47.0
2025-03-08,7,-0.05772857142857143,-0.0516,0.159,0.6312857142857143,0.20971428571428571,42.857142857142854,57.14285714285714,0.0,175,25.0
2025-03-09,1,0.5994,0.5994,0.328,0.672,0.0,100.0,0.0,0.0,10,10.0
2025-03-10,3,0.41323333333333334,0.4939,0.321,0.6486666666666666,0.030333333333333334,100.0,0.0,0.0,47,15.666666666666666
2025-03-11,30,0.10017333333333332,0.0,0.10833333333333334,0.8181333333333334,0.07346666666666665,33.33333333333333,30.0,36.666666666666664,697,23.233333333333334
2025-03-12,5,0.07678,0.0,0.1518,0.7816,0.0666,40.0,20.0,40.0,68,13.6
2025-03-13,40,0.07531,0.0,0.11257500000000001,0.7675,0.119875,47.5,35.0,17.5,1731,43.275
2025-03-14,19,0.006605263157894734,0.0,0.12594736842105264,0.7509473684210527,0.12305263157894737,42.10526315789473,47.368421052631575,10.526315789473683,639,33.63157894736842
2025-03-15,6,-0.21748333333333333,-0.21175,0.0855,0.81,0.10466666666666667,16.666666666666664,50.0,33.33333333333333,230,38.333333333333336
2025-03-16,2,0.52805,0.52805,0.373,0.5875,0.0395,100.0,0.0,0.0,27,13.5
2025-03-17,8,0.06913749999999999,-0.0249,0.096,0.801,0.103125,25.0,37.5,37.5,358,44.75
2025-03-18,88,-0.024963636363636358,0.0,0.08664772727272728,0.8060795454545455,0.10727272727272727,35.22727272727273,39.77272727272727,25.0,2836,32.22727272727273
2025-03-19,56,-0.05110357142857143,0.0,0.10514285714285714,0.7847857142857143,0.11014285714285714,35.714285714285715,39.285714285714285,25.0,1507,26.910714285714285
2025-03-20,10,0.15573,0.0,0.12530000000000002,0.8047000000000001,0.06989999999999999,40.0,30.0,30.0,212,21.2
2025-03-21,2,-0.6134,-0.6134,0.0295,0.7805,0.1895,0.0,100.0,0.0,102,51.0
2025-03-22,24,-0.15196666666666667,-0.1122,0.07854166666666666,0.7989166666666666,0.122625,29.166666666666668,50.0,20.833333333333336,571,23.791666666666668
2025-03-23,3,-0.18720000000000003,-0.25,0.11766666666666666,0.6669999999999999,0.21533333333333335,33.33333333333333,66.66666666666666,0.0,82,27.333333333333332
2025-03-26,152,-0.04876381578947368,0.0,0.09192105263157895,0.7871907894736843,0.12088815789473684,33.55263157894737,40.78947368421053,25.657894736842106,3412,22.44736842105263
2025-03-27,176,-0.022395454545454548,0.0,0.09917613636363636,0.8077840909090909,0.09299999999999999,34.659090909090914,39.20454545454545,26.136363636363637,4813,27.34659090909091
2025-03-28,38,0.0627236842105263,0.0,0.11710526315789474,0.8070789473684211,0.07578947368421052,47.368421052631575,34.21052631578947,18.421052631578945,879,23.13157894736842
2025-03-29,5,-0.045799999999999993,0.0,0.0632,0.8051999999999999,0.1316,20.0,40.0,40.0,89,17.8
2025-03-30,3,-0.5327666666666667,-0.4588,0.033,0.6016666666666667,0.36533333333333334,0.0,100.0,0.0,34,11.333333333333334
2025-03-31,4,0.165625,0.30295,0.25525,0.63825,0.1065,75.0,25.0,0.0,51,12.75
2025-04-01,1,0.0,0.0,0.0,1.0,0.0,0.0,0.0,100.0,7,7.0
2025-04-02,4,0.08545,0.10345,0.09225,0.85325,0.054000000000000006,50.0,25.0,25.0,96,24.0
2025-04-03,18,0.08909444444444443,0.05135,0.0898888888888889,0.8016111111111112,0.10844444444444444,50.0,33.33333333333333,16.666666666666664,638,35.44444444444444
2025-04-04,159,0.0391685534591195,0.0,0.10969182389937106,0.7745786163522013,0.11576729559748428,44.0251572327044,38.36477987421384,17.61006289308176,5575,35.062893081761004
2025-04-05,91,-0.007654945054945057,0.0,0.1081868131868132,0.7734505494505495,0.11838461538461538,38.46153846153847,41.75824175824176,19.78021978021978,2200,24.175824175824175
2025-04-06,33,-0.08935757575757575,-0.1531,0.11533333333333333,0.7498181818181818,0.1348181818181818,30.303030303030305,51.515151515151516,18.181818181818183,1071,32.45454545454545
2025-04-07,17,0.07991764705882354,0.0,0.1188235294117647,0.7565294117647059,0.12452941176470589,41.17647058823529,23.52941176470588,35.294117647058826,420,24.705882352941178
2025-04-08,10,-0.05989,-0.15295,0.1807,0.6391,0.1803,30.0,60.0,10.0,110,11.0
2025-04-09,124,0.0495,0.0,0.1350483870967742,0.7520725806451614,0.11291129032258064,44.354838709677416,39.516129032258064,16.129032258064516,3392,27.35483870967742
2025-04-10,34,-0.14750000000000002,-0.10675,0.10435294117647059,0.7935294117647059,0.1021764705882353,29.411764705882355,50.0,20.588235294117645,1038,30.529411764705884
2025-04-11,8,-0.0939875,0.02345,0.112875,0.737,0.150125,50.0,50.0,0.0,481,60.125
2025-04-12,6,0.03869999999999999,0.0258,0.15916666666666668,0.7519999999999999,0.08849999999999998,50.0,16.666666666666664,33.33333333333333,134,22.333333333333332
2025-04-13,22,-0.030145454545454545,-0.1027,0.09777272727272726,0.7906363636363636,0.11154545454545456,40.909090909090914,54.54545454545454,4.545454545454546,1458,66.27272727272727
2025-04-14,2,0.25895,0.25895,0.10200000000000001,0.869,0.0285,100.0,0.0,0.0,137,68.5
2025-04-16,120,-0.00692,0.0,0.11195833333333334,0.7767999999999999,0.11126666666666667,44.166666666666664,40.0,15.833333333333332,3975,33.125
2025-04-17,265,-0.08858641509433962,0.0,0.0898188679245283,0.7780716981132075,0.13211698113207548,32.075471698113205,45.660377358490564,22.264150943396228,7139,26.939622641509434
2025-04-18,139,-0.05301510791366906,0.0,0.11264748201438848,0.7330215827338129,0.15437410071942445,35.97122302158273,44.60431654676259,19.424460431654676,3021,21.73381294964029
2025-04-19,39,-0.17043846153846154,-0.1263,0.08384615384615385,0.7722051282051282,0.14397435897435898,25.64102564102564,56.41025641025641,17.94871794871795,796,20.41025641025641
2025-04-20,40,-0.0717425,0.0,0.0928,0.79035,0.11684999999999998,37.5,47.5,15.0,1393,34.825
2025-04-21,17,-0.0798,-0.1689,0.07794117647058824,0.7995294117647059,0.12258823529411765,29.411764705882355,52.94117647058824,17.647058823529413,594,34.94117647058823
2025-04-22,12,-0.3166083333333333,-0.26995,0.051166666666666666,0.7904166666666667,0.15841666666666668,8.333333333333332,58.333333333333336,33.33333333333333,349,29.083333333333332
2025-04-24,3,0.1457333333333333,0.0,0.119,0.7686666666666667,0.11266666666666665,33.33333333333333,33.33333333333333,33.33333333333333,114,38.0
2025-04-25,15,-0.048713333333333324,0.0,0.10273333333333333,0.7880666666666667,0.10913333333333333,26.666666666666668,40.0,33.33333333333333,754,50.266666666666666
2025-04-26,5,0.15566,0.0,0.0236,0.9763999999999999,0.0,20.0,0.0,80.0,96,19.2
2025-04-27,2,-0.010299999999999976,-0.010299999999999976,0.0665,0.9005000000000001,0.033,50.0,50.0,0.0,63,31.5
2025-04-28,20,-0.10927,0.0,0.0912,0.7564,0.15230000000000002,35.0,45.0,20.0,502,25.1
2025-04-29,1,0.8306,0.8306,0.161,0.839,0.0,100.0,0.0,0.0,60,60.0
2025-04-30,2,0.3057,0.3057,0.05,0.95,0.0,50.0,0.0,50.0,48,24.0
2025-05-02,1,-0.8126,-0.8126,0.103,0.705,0.192,0.0,100.0,0.0,78,78.0
2025-05-03,1,0.9435,0.9435,0.216,0.738,0.046,100.0,0.0,0.0,87,87.0
2025-05-05,4,0.084825,-0.07615,0.07475,0.8265,0.0985,25.0,50.0,25.0,85,21.25
2025-05-08,3,-0.13246666666666665,-0.3182,0.057333333333333326,0.7563333333333334,0.18633333333333332,33.33333333333333,66.66666666666666,0.0,30,10.0
2025-05-12,38,0.07352894736842104,0.0,0.12576315789473683,0.7920263157894737,0.08221052631578947,47.368421052631575,26.31578947368421,26.31578947368421,1136,29.894736842105264
2025-05-13,16,0.06726874999999999,0.0,0.086375,0.8615,0.0520625,43.75,25.0,31.25,470,29.375
2025-05-14,2,0.2997,0.2997,0.151,0.849,0.0,50.0,0.0,50.0,21,10.5
2025-05-15,2,-0.24695,-0.24695,0.021,0.9305,0.048,0.0,50.0,50.0,61,30.5
2025-05-16,5,0.18578,0.0,0.1508,0.8036,0.0456,40.0,20.0,40.0,95,19.0
2025-05-20,5,-0.5183,-0.6597,0.0434,0.8018000000000001,0.155,0.0,80.0,20.0,257,51.4
2025-05-21,60,-0.07451333333333333,0.0,0.1249,0.736,0.13903333333333334,43.333333333333336,46.666666666666664,10.0,1562,26.033333333333335
2025-05-22,7,-0.002328571428571426,0.0,0.03842857142857143,0.902,0.059428571428571435,28.57142857142857,28.57142857142857,42.857142857142854,106,15.142857142857142
2025-05-23,15,-0.27576,-0.4767,0.08866666666666667,0.7534,0.15773333333333334,26.666666666666668,60.0,13.333333333333334,720,48.0
2025-05-24,4,-0.5307999999999999,-0.67615,0.03025,0.86875,0.101,25.0,75.0,0.0,325,81.25
2025-05-25,7,-0.2560857142857143,-0.5106,0.08128571428571428,0.7885714285714285,0.13028571428571428,28.57142857142857,57.14285714285714,14.285714285714285,190,27.142857142857142
2025-05-28,3,0.7199666666666666,0.8927,0.165,0.7516666666666666,0.08366666666666667,100.0,0.0,0.0,431,143.66666666666666
2025-05-29,107,0.03987102803738318,0.0,0.09825233644859813,0.8235981308411215,0.0781214953271028,41.1214953271028,31.775700934579437,27.102803738317753,3385,31.635514018691588
2025-05-30,64,-0.07002343750000001,-0.11535000000000001,0.13468750000000002,0.735078125,0.130265625,35.9375,51.5625,12.5,3528,55.125
2025-05-31,1,0.2561,0.2561,0.077,0.883,0.04,100.0,0.0,0.0,28,28.0
2025-06-01,4,0.17925,0.15755,0.11800000000000001,0.8285,0.0535,50.0,0.0,50.0,96,24.0
2025-06-02,22,0.04446363636363637,0.0005,0.09918181818181818,0.8000909090909091,0.10072727272727273,45.45454545454545,40.909090909090914,13.636363636363635,1471,66.86363636363636
2025-06-03,11,0.05616363636363637,0.0,0.11,0.8306363636363637,0.059272727272727276,45.45454545454545,27.27272727272727,27.27272727272727,1109,100.81818181818181
2025-06-04,21,0.1348,0.0,0.0951904761904762,0.8676666666666667,0.037142857142857144,42.857142857142854,23.809523809523807,33.33333333333333,695,33.095238095238095
2025-06-05,19,0.12591052631578947,0.1027,0.15289473684210525,0.7553684210526316,0.09173684210526316,52.63157894736842,21.052631578947366,26.31578947368421,666,35.05263157894737
2025-06-06,75,-0.08372666666666666,0.0,0.08604,0.8112,0.10274666666666667,30.666666666666664,37.333333333333336,32.0,1618,21.573333333333334
2025-06-07,31,0.053329032258064506,0.0,0.1192258064516129,0.792,0.08877419354838709,48.38709677419355,35.483870967741936,16.129032258064516,1612,52.0
2025-06-08,2,-0.27115,-0.27115,0.0,0.89,0.11,0.0,50.0,50.0,28,14.0
2025-06-09,11,0.0016727272727272702,0.0,0.07881818181818182,0.8787272727272728,0.04236363636363636,36.36363636363637,27.27272727272727,36.36363636363637,264,24.0
2025-06-10,54,0.04586296296296296,0.0,0.12270370370370369,0.7623148148148148,0.11505555555555556,42.592592592592595,37.03703703703704,20.37037037037037,1689,31.27777777777778
2025-06-11,41,-0.0934609756097561,0.0,0.13658536585365852,0.740780487804878,0.12256097560975611,36.58536585365854,41.46341463414634,21.951219512195124,1407,34.31707317073171
2025-06-12,35,-0.1362714285714286,-0.1779,0.11439999999999999,0.7762571428571429,0.10937142857142858,34.285714285714285,51.42857142857142,14.285714285714285,2124,60.68571428571428
2025-06-13,1,-0.1027,-0.1027,0.0,0.935,0.065,0.0,100.0,0.0,23,23.0
2025-06-15,22,-0.16876363636363637,-0.09385,0.06368181818181819,0.7831363636363636,0.15313636363636365,22.727272727272727,50.0,27.27272727272727,377,17.136363636363637
2025-06-16,17,-0.20098823529411766,0.0,0.0743529411764706,0.7937058823529411,0.13194117647058823,29.411764705882355,35.294117647058826,35.294117647058826,669,39.35294117647059
2025-06-17,9,0.1456,0.0,0.11866666666666667,0.8454444444444444,0.03588888888888889,44.44444444444444,22.22222222222222,33.33333333333333,153,17.0
2025-06-18,12,-0.2715083333333333,-0.37565000000000004,0.07075,0.8084166666666667,0.12083333333333333,25.0,58.333333333333336,16.666666666666664,760,63.333333333333336
2025-06-19,78,0.13544358974358975,0.07045,0.12784615384615383,0.780948717948718,0.09121794871794872,50.0,29.48717948717949,20.51282051282051,2702,34.64102564102564
2025-06-20,16,0.25546875,0.4496,0.1730625,0.749625,0.077125,68.75,31.25,0.0,698,43.625
2025-06-21,60,0.012850000000000002,0.0,0.13196666666666668,0.7658333333333334,0.10225,46.666666666666664,35.0,18.333333333333332,1442,24.033333333333335
2025-06-22,30,-0.18387666666666666,-0.16435,0.09066666666666667,0.7936666666666666,0.11566666666666665,33.33333333333333,53.333333333333336,13.333333333333334,1413,47.1
2025-06-23,29,-0.23821724137931033,-0.1531,0.06096551724137931,0.7649999999999999,0.17417241379310344,13.793103448275861,55.172413793103445,31.03448275862069,1080,37.241379310344826
2025-06-24,89,-0.0334685393258427,0.0,0.12759550561797753,0.7465168539325843,0.12585393258426966,41.57303370786517,48.31460674157304,10.112359550561797,3491,39.2247191011236
2025-06-25,442,0.07251515837104072,0.0,0.12330769230769231,0.786898190045249,0.0898054298642534,45.248868778280546,34.38914027149321,20.361990950226243,14735,33.33710407239819
2025-06-26,58,0.0808206896551724,0.11535000000000001,0.12505172413793103,0.7767586206896552,0.09818965517241379,51.724137931034484,34.48275862068966,13.793103448275861,3447,59.43103448275862
2025-06-27,30,-0.006919999999999998,-0.01935,0.13313333333333335,0.7373666666666666,0.1296,43.333333333333336,43.333333333333336,13.333333333333334,1178,39.266666666666666
2025-06-28,10,0.15689000000000003,0.07655,0.1012,0.8294,0.0695,50.0,30.0,20.0,540,54.0
2025-06-29,3,-0.30810000000000004,-0.4137,0.0,0.9,0.09999999999999999,0.0,66.66666666666666,33.33333333333333,62,20.666666666666668
2025-06-30,10,0.10061,0.13710000000000003,0.157,0.728,0.11499999999999999,50.0,50.0,0.0,674,67.4
2025-07-01,13,0.14685384615384617,0.3832,0.12715384615384615,0.7723846153846154,0.10061538461538462,61.53846153846154,30.76923076923077,7.6923076923076925,434,33.38461538461539
2025-07-02,19,0.4524789473684211,0.6705,0.17778947368421052,0.7677368421052632,0.05447368421052631,68.42105263157895,26.31578947368421,5.263157894736842,1368,72.0
2025-07-03,8,-0.2067,-0.2377,0.07525,0.849,0.075875,37.5,50.0,12.5,966,120.75
2025-07-04,15,-0.08381333333333332,0.0,0.07706666666666666,0.84,0.08299999999999999,46.666666666666664,46.666666666666664,6.666666666666667,1525,101.66666666666667
2025-07-06,1,-0.2912,-0.2912,0.0,0.953,0.047,0.0,100.0,0.0,60,60.0
2025-07-07,2,0.39715,0.39715,0.1135,0.8565,0.0295,50.0,0.0,50.0,62,31.0
2025-07-08,30,0.05159666666666667,0.0,0.10753333333333333,0.8014666666666667,0.091,43.333333333333336,36.666666666666664,20.0,2048,68.26666666666667
2025-07-09,2,-0.08895,-0.08895,0.047,0.857,0.096,0.0,50.0,50.0,49,24.5
2025-07-10,6,0.1215,-0.03854999999999999,0.14433333333333334,0.715,0.14066666666666666,50.0,50.0,0.0,286,47.666666666666664
2025-07-11,2,0.20984999999999998,0.20984999999999998,0.042,0.8865000000000001,0.0715,50.0,50.0,0.0,76,38.0
2025-07-13,5,0.58082,0.5267,0.1516,0.7782,0.0702,100.0,0.0,0.0,365,73.0
2025-07-14,130,0.14926615384615383,0.09675,0.12353076923076924,0.8053769230769231,0.07108461538461538,50.76923076923077,24.615384615384617,24.615384615384617,3427,26.361538461538462
2025-07-15,69,-0.0661695652173913,0.0,0.09915942028985507,0.7841304347826087,0.11665217391304347,36.231884057971016,42.028985507246375,21.73913043478261,1866,27.043478260869566
2025-07-16,6,-0.1363,-0.00955,0.08966666666666667,0.7925,0.11766666666666666,16.666666666666664,33.33333333333333,50.0,170,28.333333333333332
2025-07-17,2,-0.148,-0.148,0.098,0.696,0.206,0.0,50.0,50.0,13,6.5
2025-07-18,3,0.012499999999999992,0.1779,0.08266666666666667,0.7933333333333333,0.124,66.66666666666666,33.33333333333333,0.0,64,21.333333333333332
2025-07-19,2,0.0,0.0,0.0,1.0,0.0,0.0,0.0,100.0,19,9.5
2025-07-20,1,0.0,0.0,0.0,1.0,0.0,0.0,0.0,100.0,10,10.0
2025-07-21,1,0.2732,0.2732,0.162,0.723,0.115,100.0,0.0,0.0,19,19.0
2025-07-24,1,0.5413,0.5413,0.176,0.753,0.071,100.0,0.0,0.0,36,36.0
2025-07-25,33,-0.1300151515151515,-0.1723,0.06021212121212122,0.801,0.13890909090909093,24.242424242424242,54.54545454545454,21.21212121212121,1213,36.75757575757576
2025-07-26,99,-0.03732727272727272,0.0,0.08032323232323232,0.8301818181818182,0.08951515151515152,30.303030303030305,36.36363636363637,33.33333333333333,2111,21.32323232323232
2025-07-27,21,0.11280952380952382,0.0772,0.1438095238095238,0.7845714285714285,0.07161904761904762,52.38095238095239,33.33333333333333,14.285714285714285,515,24.523809523809526
2025-07-28,7,0.09131428571428571,0.0,0.059428571428571435,0.8665714285714285,0.07414285714285715,28.57142857142857,42.857142857142854,28.57142857142857,260,37.142857142857146
2025-07-29,88,0.048417045454545456,0.0,0.11912500000000001,0.7773863636363636,0.10354545454545455,39.77272727272727,37.5,22.727272727272727,2645,30.056818181818183
2025-07-30,58,0.13261379310344829,0.184,0.15167241379310345,0.7657241379310344,0.08260344827586208,55.172413793103445,29.310344827586203,15.517241379310345,1493,25.74137931034483
2025-07-31,15,0.33510666666666666,0.4019,0.18173333333333333,0.7490666666666665,0.0692,73.33333333333333,6.666666666666667,20.0,388,25.866666666666667
2025-08-01,14,-0.15392142857142854,0.0,0.07635714285714286,0.75,0.17364285714285715,21.428571428571427,42.857142857142854,35.714285714285715,300,21.428571428571427
2025-08-02,4,0.489475,0.6936500000000001,0.20099999999999998,0.7535,0.0455,75.0,25.0,0.0,329,82.25
2025-08-03,5,-0.20014000000000004,-0.1531,0.0738,0.8019999999999999,0.1244,40.0,60.0,0.0,366,73.2
2025-08-06,1,0.0513,0.0513,0.122,0.769,0.109,100.0,0.0,0.0,140,140.0
2025-08-07,176,-0.045454545454545456,0.0,0.11912500000000001,0.7558352272727272,0.12501136363636364,35.22727272727273,45.45454545454545,19.318181818181817,4946,28.102272727272727
2025-08-08,27,0.06866666666666667,0.0,0.15088888888888888,0.7345555555555555,0.11444444444444445,44.44444444444444,37.03703703703704,18.51851851851852,639,23.666666666666668
2025-08-09,80,-0.005457500000000003,0.0,0.11480000000000001,0.774575,0.11065,31.25,37.5,31.25,2042,25.525
2025-08-10,19,-0.027763157894736833,0.0,0.05105263157894737,0.8555789473684211,0.09336842105263159,26.31578947368421,36.84210526315789,36.84210526315789,482,25.36842105263158
2025-08-11,5,0.38188000000000005,0.5106,0.2016,0.7076,0.091,80.0,20.0,0.0,88,17.6
2025-08-12,170,0.10952705882352942,0.01535,0.11576470588235294,0.8043117647058824,0.07993529411764706,49.411764705882355,34.11764705882353,16.470588235294116,6390,37.588235294117645
2025-08-13,94,0.04114042553191489,0.0,0.11351063829787233,0.7877234042553192,0.09874468085106383,40.42553191489361,38.297872340425535,21.27659574468085,3944,41.95744680851064
2025-08-14,26,-0.03271153846153846,0.0,0.10023076923076922,0.8162307692307693,0.08361538461538462,34.61538461538461,46.15384615384615,19.230769230769234,992,38.15384615384615
2025-08-15,6,0.009016666666666654,0.0,0.10333333333333333,0.7408333333333333,0.156,16.666666666666664,33.33333333333333,50.0,83,13.833333333333334
2025-08-16,1,-0.6808,-0.6808,0.0,0.714,0.286,0.0,100.0,0.0,18,18.0
2025-08-17,1,0.6059,0.6059,0.051,0.93,0.019,100.0,0.0,0.0,146,146.0
2025-08-18,1,0.6369,0.6369,0.375,0.625,0.0,100.0,0.0,0.0,9,9.0
2025-08-19,8,0.17596249999999997,0.36915,0.14225,0.7641249999999999,0.09375,62.5,37.5,0.0,355,44.375
2025-08-20,65,-0.007681538461538465,0.0,0.10015384615384615,0.8007692307692307,0.09909230769230769,43.07692307692308,35.38461538461539,21.53846153846154,2535,39.0
2025-08-21,50,0.16426200000000002,0.16515000000000002,0.17172,0.72514,0.10308,52.0,36.0,12.0,1434,28.68
2025-08-22,14,-0.10176428571428572,-0.23695,0.06257142857142857,0.8038571428571428,0.1335714285714286,28.57142857142857,57.14285714285714,14.285714285714285,669,47.785714285714285
2025-08-23,6,-0.30760000000000004,-0.3501,0.10383333333333333,0.7545000000000001,0.142,33.33333333333333,66.66666666666666,0.0,323,53.833333333333336
2025-08-24,90,0.09994222222222222,0.0036499999999999996,0.12902222222222223,0.7757111111111112,0.09523333333333334,46.666666666666664,31.11111111111111,22.22222222222222,3019,33.544444444444444
2025-08-25,35,0.04723714285714285,0.0,0.10311428571428571,0.8232857142857143,0.07365714285714285,37.142857142857146,37.142857142857146,25.71428571428571,897,25.62857142857143
2025-08-26,3,-0.2034,0.0,0.10033333333333333,0.682,0.21766666666666667,33.33333333333333,33.33333333333333,33.33333333333333,32,10.666666666666666
2025-08-28,2,-0.009800000000000003,-0.009800000000000003,0.086,0.8225,0.0915,50.0,50.0,0.0,34,17.0
2025-08-29,4,0.07652500000000001,0.16945,0.11325,0.7915,0.095,75.0,25.0,0.0,109,27.25
2025-08-30,2,-0.0946,-0.0946,0.0705,0.8214999999999999,0.108,50.0,50.0,0.0,143,71.5
2025-09-01,88,-0.032443181818181815,0.0,0.10509090909090908,0.7956363636363637,0.09927272727272728,38.63636363636363,46.590909090909086,14.772727272727273,3339,37.94318181818182
2025-09-02,70,-0.09326,-0.0428,0.09638571428571428,0.8068,0.09681428571428571,40.0,50.0,10.0,3997,57.1
2025-09-03,1,0.7902,0.7902,0.07,0.913,0.017,100.0,0.0,0.0,126,126.0
2025-09-04,9,-0.44891111111111104,-0.5478,0.07322222222222223,0.7874444444444444,0.13933333333333334,11.11111111111111,88.88888888888889,0.0,816,90.66666666666667
2025-09-05,17,0.1417529411764706,0.2023,0.10976470588235294,0.8151176470588235,0.07511764705882354,58.82352941176471,29.411764705882355,11.76470588235294,776,45.64705882352941
2025-09-06,12,0.41030833333333333,0.518,0.16825,0.7958333333333334,0.036,75.0,8.333333333333332,16.666666666666664,590,49.166666666666664
2025-09-07,1,0.5789,0.5789,0.161,0.839,0.0,100.0,0.0,0.0,35,35.0
2025-09-08,4,0.056624999999999995,0.12085,0.05225,0.86425,0.0835,50.0,25.0,25.0,201,50.25
2025-09-09,21,-0.05647142857142858,0.0,0.1189047619047619,0.7436190476190476,0.13766666666666666,42.857142857142854,42.857142857142854,14.285714285714285,1012,48.19047619047619
2025-09-10,17,-0.013529411764705868,-0.3182,0.15705882352941175,0.7422352941176471,0.10076470588235295,41.17647058823529,58.82352941176471,0.0,1016,59.76470588235294
2025-09-11,2,-0.11225000000000002,-0.11225000000000002,0.1225,0.8055,0.0715,50.0,50.0,0.0,88,44.0
2025-09-12,3,0.2803,0.3096,0.11699999999999999,0.8433333333333334,0.03933333333333333,100.0,0.0,0.0,208,69.33333333333333
2025-09-13,10,0.0050699999999999894,0.0395,0.1172,0.7746999999999999,0.1081,50.0,40.0,10.0,372,37.2
2025-09-14,2,0.036599999999999994,0.036599999999999994,0.11049999999999999,0.8265,0.063,50.0,50.0,0.0,37,18.5
2025-09-15,14,0.35044285714285717,0.4711,0.12778571428571428,0.8082142857142857,0.06392857142857143,71.42857142857143,14.285714285714285,14.285714285714285,586,41.857142857142854
2025-09-16,31,0.022709677419354837,0.0,0.08574193548387096,0.8411935483870967,0.07316129032258063,29.03225806451613,32.25806451612903,38.70967741935484,702,22.64516129032258
2025-09-17,8,0.12655,0.018,0.0805,0.82375,0.095875,37.5,25.0,37.5,401,50.125
2025-09-18,16,0.2443375,0.38745,0.15025,0.8043125,0.0454375,62.5,25.0,12.5,600,37.5
2025-09-19,4,-0.1512,-0.17,0.036000000000000004,0.866,0.09775,25.0,50.0,25.0,141,35.25
2025-09-20,1,0.3612,0.3612,0.088,0.856,0.056,100.0,0.0,0.0,73,73.0
2025-09-21,2,-0.2882,-0.2882,0.007,0.9764999999999999,0.0165,0.0,50.0,50.0,363,181.5
2025-09-22,1,-0.5562,-0.5562,0.0,0.77,0.23,0.0,100.0,0.0,13,13.0
2025-09-23,8,0.4816,0.59215,0.20275,0.74875,0.048375,75.0,0.0,25.0,250,31.25
2025-09-24,53,0.10351886792452832,0.0,0.09239622641509435,0.8514905660377358,0.05607547169811321,43.39622641509434,22.641509433962266,33.9622641509434,1943,36.660377358490564
2025-09-25,45,0.04353111111111111,0.0,0.11242222222222223,0.7996444444444445,0.08786666666666668,44.44444444444444,26.666666666666668,28.888888888888886,1160,25.77777777777778
2025-09-26,8,-0.1088625,-0.03375,0.165875,0.70025,0.133875,50.0,50.0,0.0,223,27.875
2025-09-27,164,0.06410853658536586,0.0,0.12407317073170732,0.7708658536585365,0.1050609756097561,43.292682926829265,35.97560975609756,20.73170731707317,4991,30.432926829268293
2025-09-28,131,0.10220152671755726,0.0,0.11676335877862595,0.808412213740458,0.07483206106870229,48.091603053435115,27.480916030534353,24.427480916030532,3490,26.641221374045802
2025-09-29,36,-0.04778055555555557,0.0,0.13077777777777777,0.7645555555555555,0.10477777777777778,41.66666666666667,41.66666666666667,16.666666666666664,1397,38.80555555555556
2025-09-30,6,-0.03343333333333332,-0.05135,0.08716666666666667,0.8176666666666668,0.09500000000000001,33.33333333333333,50.0,16.666666666666664,95,15.833333333333334
2025-10-01,2,0.4846,0.4846,0.0765,0.888,0.0355,50.0,0.0,50.0,228,114.0
2025-10-02,1,0.0,0.0,0.0,1.0,0.0,0.0,0.0,100.0,17,17.0
2025-10-06,157,0.006963694267515922,0.0,0.1007452229299363,0.8086815286624204,0.09055414012738854,36.30573248407643,37.57961783439491,26.11464968152866,3828,24.38216560509554
2025-10-07,76,0.05282499999999999,0.0884,0.13663157894736844,0.7663552631578948,0.09705263157894738,52.63157894736842,34.21052631578947,13.157894736842104,2268,29.842105263157894
2025-10-08,34,-0.004308823529411767,0.0,0.12011764705882352,0.7845294117647059,0.09538235294117647,44.11764705882353,41.17647058823529,14.705882352941178,1036,30.470588235294116
2025-10-09,5,-0.58114,-0.7329,0.07139999999999999,0.7844,0.1442,0.0,80.0,20.0,597,119.4
2025-10-10,11,0.05740909090909092,0.0,0.13345454545454546,0.7846363636363637,0.08190909090909092,45.45454545454545,27.27272727272727,27.27272727272727,231,21.0
2025-10-11,2,0.24695,0.24695,0.258,0.742,0.0,50.0,0.0,50.0,30,15.0
2025-10-12,100,0.133675,0.0,0.11452999999999999,0.79259,0.09292,48.0,26.0,26.0,3095,30.95
2025-10-13,21,0.20202380952380952,0.4588,0.13428571428571429,0.7748571428571428,0.0909047619047619,52.38095238095239,38.095238095238095,9.523809523809524,1538,73.23809523809524
2025-10-14,5,-0.16,-0.0258,0.0822,0.756,0.1618,0.0,40.0,60.0,103,20.6
2025-10-15,7,-0.18675714285714287,0.0,0.062142857142857146,0.8521428571428571,0.08585714285714285,28.57142857142857,42.857142857142854,28.57142857142857,456,65.14285714285714
2025-10-16,3,0.1366,0.0772,0.14233333333333334,0.7403333333333334,0.11699999999999999,66.66666666666666,33.33333333333333,0.0,193,64.33333333333333
2025-10-17,14,-0.009457142857142862,-0.17165,0.12150000000000001,0.7585714285714287,0.11992857142857143,35.714285714285715,57.14285714285714,7.142857142857142,1024,73.14285714285714
2025-10-18,2,-0.8032,-0.8032,0.035,0.7055,0.26,0.0,100.0,0.0,64,32.0
2025-10-20,2,-0.5207499999999999,-0.5207499999999999,0.0695,0.6985,0.232,0.0,100.0,0.0,40,20.0
2025-10-21,409,0.03167848410757946,0.0,0.10654523227383862,0.7889779951100244,0.10448410757946211,41.56479217603912,37.65281173594132,20.78239608801956,13614,33.28606356968215
2025-10-22,82,0.04719268292682927,0.0,0.09853658536585366,0.801548780487805,0.09992682926829269,41.46341463414634,32.926829268292686,25.609756097560975,2436,29.70731707317073
2025-10-23,120,0.07271999999999999,0.0,0.15974166666666667,0.7221083333333334,0.11816666666666667,40.833333333333336,35.0,24.166666666666668,2626,21.883333333333333
2025-10-24,116,0.07523706896551724,0.0,0.10333620689655172,0.8069999999999999,0.08966379310344827,45.689655172413794,34.48275862068966,19.82758620689655,5065,43.66379310344828
2025-10-25,83,0.029375903614457834,0.0,0.11727710843373494,0.7814819277108433,0.10126506024096385,44.57831325301205,38.55421686746988,16.867469879518072,4078,49.13253012048193
2025-10-26,24,0.1487,0.24795,0.147625,0.7504583333333333,0.10191666666666667,54.166666666666664,37.5,8.333333333333332,2087,86.95833333333333
2025-10-27,46,0.0794304347826087,0.0,0.07754347826086957,0.8559565217391305,0.0665,39.130434782608695,32.608695652173914,28.26086956521739,1599,34.76086956521739
2025-10-28,55,0.08845636363636364,0.0772,0.10116363636363636,0.8153090909090909,0.08350909090909091,52.72727272727272,27.27272727272727,20.0,1715,31.181818181818183
2025-10-29,74,-0.009144594594594596,0.0,0.11686486486486486,0.7782162162162163,0.10491891891891893,36.486486486486484,39.189189189189186,24.324324324324326,2001,27.04054054054054
2025-10-30,302,0.048685099337748346,0.0,0.12481125827814568,0.7725331125827815,0.10264238410596027,46.688741721854306,37.74834437086093,15.562913907284766,13888,45.98675496688742
2025-10-31,17,0.09181764705882353,0.1027,0.09335294117647058,0.7908823529411765,0.1158235294117647,58.82352941176471,23.52941176470588,17.647058823529413,420,24.705882352941178
