date,n_comments,mean_compound,median_compound,mean_pos,mean_neu,mean_neg,pct_positive,pct_negative,pct_neutral,total_words,mean_words,candidate
2024-11-04,9,-0.012466666666666662,0.0,0.12444444444444445,0.8071111111111111,0.06844444444444445,33.33333333333333,44.44444444444444,22.22222222222222,126,14.0,cuomo
2024-11-10,1,-0.4471,-0.4471,0.0,0.764,0.236,0.0,100.0,0.0,21,21.0,cuomo
2024-11-17,2,0.2775,0.2775,0.0885,0.855,0.0565,50.0,0.0,50.0,155,77.5,cuomo
2024-11-19,1,-0.0097,-0.0097,0.09,0.843,0.067,0.0,0.0,100.0,37,37.0,cuomo
2024-11-23,1,0.4767,0.4767,0.223,0.677,0.1,100.0,0.0,0.0,20,20.0,cuomo
2024-11-28,1,0.2263,0.2263,0.192,0.808,0.0,100.0,0.0,0.0,10,10.0,cuomo
2024-12-04,2,0.31845,0.31845,0.063,0.9205,0.0165,50.0,0.0,50.0,130,65.0,cuomo
2024-12-05,3,0.26926666666666665,0.2732,0.10100000000000002,0.8576666666666667,0.042,66.66666666666666,0.0,33.33333333333333,79,26.333333333333332,cuomo
2024-12-12,1,-0.7906,-0.7906,0.049,0.835,0.116,0.0,100.0,0.0,97,97.0,cuomo
2024-12-15,4,0.11482500000000001,0.0,0.042749999999999996,0.92475,0.03275,25.0,25.0,50.0,132,33.0,cuomo
2024-12-16,3,-0.2917,0.0,0.03366666666666667,0.8576666666666667,0.10833333333333334,33.33333333333333,33.33333333333333,33.33333333333333,96,32.0,cuomo
2024-12-17,6,0.3380166666666667,0.6891,0.10666666666666667,0.8175,0.076,66.66666666666666,33.33333333333333,0.0,649,108.16666666666667,cuomo
2024-12-18,2,-0.02244999999999997,-0.02244999999999997,0.0745,0.7929999999999999,0.132,50.0,50.0,0.0,215,107.5,cuomo
2024-12-19,27,0.06520740740740741,0.1779,0.10877777777777776,0.788074074074074,0.10322222222222222,55.55555555555556,40.74074074074074,3.7037037037037033,1461,54.111111111111114,cuomo
2024-12-20,15,-0.19880666666666666,-0.2462,0.09666666666666666,0.7607333333333333,0.14266666666666666,33.33333333333333,53.333333333333336,13.333333333333334,872,58.13333333333333,cuomo
2024-12-21,9,-0.11104444444444445,-0.2732,0.09544444444444444,0.7564444444444445,0.148,33.33333333333333,55.55555555555556,11.11111111111111,283,31.444444444444443,cuomo
2024-12-22,77,-0.021451948051948052,0.0,0.11174025974025972,0.7527272727272727,0.13548051948051948,38.961038961038966,44.15584415584416,16.883116883116884,3006,39.03896103896104,cuomo
2024-12-23,2,-0.756,-0.756,0.11199999999999999,0.6345,0.2535,0.0,100.0,0.0,71,35.5,cuomo
2024-12-24,17,-0.03423529411764705,0.0516,0.25688235294117645,0.6405882352941177,0.10252941176470587,52.94117647058824,41.17647058823529,5.88235294117647,511,30.058823529411764,cuomo
2024-12-25,5,-0.16505999999999998,-0.2263,0.081,0.6798,0.2392,40.0,60.0,0.0,216,43.2,cuomo
2024-12-26,4,0.03867499999999999,0.0469,0.14325,0.731,0.1255,50.0,50.0,0.0,204,51.0,cuomo
2024-12-27,1,0.0,0.0,0.0,1.0,0.0,0.0,0.0,100.0,22,22.0,cuomo
2025-01-02,1,-0.9185,-0.9185,0.081,0.805,0.114,0.0,100.0,0.0,241,241.0,cuomo
2025-01-05,4,-0.272975,-0.43445,0.07475000000000001,0.82925,0.09575,25.0,50.0,25.0,281,70.25,cuomo
2025-01-06,2,0.37285,0.37285,0.082,0.909,0.009,100.0,0.0,0.0,160,80.0,cuomo
2025-01-19,1,0.4215,0.4215,0.077,0.854,0.069,100.0,0.0,0.0,92,92.0,cuomo
2025-01-20,4,0.21845,0.1205,0.091,0.83275,0.07625,50.0,25.0,25.0,115,28.75,cuomo
2025-01-21,3,-0.3471666666666666,-0.3818,0.0,0.8836666666666666,0.11633333333333334,0.0,66.66666666666666,33.33333333333333,71,23.666666666666668,cuomo
2025-01-22,1,-0.5574,-0.5574,0.0,0.783,0.217,0.0,100.0,0.0,14,14.0,cuomo
2025-01-23,1,0.0,0.0,0.0,1.0,0.0,0.0,0.0,100.0,24,24.0,cuomo
2025-01-24,1,-0.0387,-0.0387,0.155,0.688,0.157,0.0,0.0,100.0,49,49.0,cuomo
2025-01-29,2,0.148,0.148,0.0615,0.8985000000000001,0.04,50.0,0.0,50.0,42,21.0,cuomo
2025-01-30,6,0.24440000000000003,0.04065,0.07083333333333333,0.8793333333333333,0.049833333333333334,50.0,16.666666666666664,33.33333333333333,401,66.83333333333333,cuomo
2025-01-31,2,0.6353,0.6353,0.1945,0.7785,0.027,100.0,0.0,0.0,159,79.5,cuomo
2025-02-01,1,0.4574,0.4574,0.374,0.626,0.0,100.0,0.0,0.0,5,5.0,cuomo
2025-02-02,1,-0.3182,-0.3182,0.0,0.796,0.204,0.0,100.0,0.0,11,11.0,cuomo
2025-02-03,1,0.5859,0.5859,0.153,0.847,0.0,100.0,0.0,0.0,22,22.0,cuomo
2025-02-04,3,-0.13603333333333337,-0.1891,0.06366666666666666,0.8356666666666667,0.10066666666666667,33.33333333333333,66.66666666666666,0.0,181,60.333333333333336,cuomo
2025-02-05,3,0.22409999999999997,0.4019,0.10633333333333334,0.8276666666666667,0.06566666666666666,66.66666666666666,33.33333333333333,0.0,186,62.0,cuomo
2025-02-06,1,0.0,0.0,0.0,1.0,0.0,0.0,0.0,100.0,21,21.0,cuomo
2025-02-14,21,0.2307904761904762,0.4215,0.16157142857142856,0.7559523809523809,0.08252380952380953,66.66666666666666,28.57142857142857,4.761904761904762,775,36.904761904761905,cuomo
2025-02-15,12,0.09440833333333333,0.0772,0.14641666666666667,0.7335833333333334,0.12,66.66666666666666,33.33333333333333,0.0,483,40.25,cuomo
2025-02-16,3,0.27930000000000005,0.3612,0.08533333333333333,0.9146666666666666,0.0,66.66666666666666,0.0,33.33333333333333,60,20.0,cuomo
2025-02-19,5,0.19844,0.0,0.07980000000000001,0.8702,0.0496,40.0,20.0,40.0,286,57.2,cuomo
2025-02-20,10,-0.0032000000000000097,0.07185000000000001,0.1096,0.746,0.1443,50.0,40.0,10.0,734,73.4,cuomo
2025-02-21,6,-0.5992333333333334,-0.72525,0.07683333333333334,0.8186666666666667,0.10433333333333333,16.666666666666664,83.33333333333334,0.0,487,81.16666666666667,cuomo
2025-02-22,32,-0.074575,-0.09634999999999999,0.08965625,0.7621875,0.14821875,34.375,53.125,12.5,600,18.75,cuomo
2025-02-23,82,0.03459390243902438,0.0,0.11863414634146341,0.7796951219512196,0.1016829268292683,39.02439024390244,34.146341463414636,26.82926829268293,1879,22.914634146341463,cuomo
2025-02-24,195,0.022177948717948717,0.0,0.11351794871794871,0.7789384615384616,0.10753333333333334,42.05128205128205,40.0,17.94871794871795,5959,30.55897435897436,cuomo
2025-02-25,80,-0.1133,-0.12390000000000001,0.0864875,0.77705,0.1365,32.5,53.75,13.750000000000002,2840,35.5,cuomo
2025-02-26,7,-0.18767142857142854,-0.1759,0.082,0.832,0.08585714285714285,28.57142857142857,57.14285714285714,14.285714285714285,594,84.85714285714286,cuomo
2025-02-27,195,-0.05548666666666666,0.0,0.11323589743589743,0.7623333333333333,0.12443076923076923,36.41025641025641,43.58974358974359,20.0,6272,32.16410256410256,cuomo
2025-02-28,149,-0.06314362416107382,0.0,0.12538926174496645,0.7584966442953021,0.1161275167785235,32.88590604026846,44.966442953020135,22.14765100671141,3677,24.677852348993287,cuomo
2025-03-01,212,-0.023410849056603778,0.0,0.1248066037735849,0.7430188679245283,0.1321933962264151,41.509433962264154,39.15094339622642,19.339622641509436,4887,23.05188679245283,cuomo
2025-03-02,273,0.057097069597069595,0.0,0.1368058608058608,0.7446153846153846,0.11856410256410257,44.68864468864469,38.82783882783883,16.483516483516482,6997,25.63003663003663,cuomo
2025-03-03,248,-0.025836290322580644,0.0,0.10335887096774193,0.7762822580645161,0.12035887096774193,40.32258064516129,42.33870967741936,17.338709677419356,7908,31.887096774193548,cuomo
2025-03-04,172,0.015933720930232556,0.0,0.11401744186046513,0.7848372093023255,0.10109883720930232,39.53488372093023,36.627906976744185,23.837209302325583,4889,28.424418604651162,cuomo
2025-03-05,34,0.05995,0.0,0.09905882352941175,0.7888235294117647,0.11208823529411764,41.17647058823529,35.294117647058826,23.52941176470588,1678,49.35294117647059,cuomo
2025-03-06,16,0.04932500000000001,0.0,0.1055625,0.7981875,0.0964375,37.5,43.75,18.75,447,27.9375,cuomo
2025-03-07,11,0.17254545454545456,0.0,0.10027272727272728,0.8280909090909091,0.07154545454545455,45.45454545454545,36.36363636363637,18.181818181818183,517,47.0,cuomo
2025-03-08,7,-0.05772857142857143,-0.0516,0.159,0.6312857142857143,0.20971428571428571,42.857142857142854,57.14285714285714,0.0,175,25.0,cuomo
2025-03-09,1,0.5994,0.5994,0.328,0.672,0.0,100.0,0.0,0.0,10,10.0,cuomo
2025-03-10,3,0.41323333333333334,0.4939,0.321,0.6486666666666666,0.030333333333333334,100.0,0.0,0.0,47,15.666666666666666,cuomo
2025-03-11,30,0.10017333333333332,0.0,0.10833333333333334,0.8181333333333334,0.07346666666666665,33.33333333333333,30.0,36.666666666666664,697,23.233333333333334,cuomo
2025-03-12,5,0.07678,0.0,0.1518,0.7816,0.0666,40.0,20.0,40.0,68,13.6,cuomo
2025-03-13,40,0.07531,0.0,0.11257500000000001,0.7675,0.119875,47.5,35.0,17.5,1731,43.275,cuomo
2025-03-14,19,0.006605263157894734,0.0,0.12594736842105264,0.7509473684210527,0.12305263157894737,42.10526315789473,47.368421052631575,10.526315789473683,639,33.63157894736842,cuomo
2025-03-15,6,-0.21748333333333333,-0.21175,0.0855,0.81,0.10466666666666667,16.666666666666664,50.0,33.33333333333333,230,38.333333333333336,cuomo
2025-03-16,2,0.52805,0.52805,0.373,0.5875,0.0395,100.0,0.0,0.0,27,13.5,cuomo
2025-03-17,8,0.06913749999999999,-0.0249,0.096,0.801,0.103125,25.0,37.5,37.5,358,44.75,cuomo
2025-03-18,88,-0.024963636363636358,0.0,0.08664772727272728,0.8060795454545455,0.10727272727272727,35.22727272727273,39.77272727272727,25.0,2836,32.22727272727273,cuomo
2025-03-19,56,-0.05110357142857143,0.0,0.10514285714285714,0.7847857142857143,0.11014285714285714,35.714285714285715,39.285714285714285,25.0,1507,26.910714285714285,cuomo
2025-03-20,10,0.15573,0.0,0.12530000000000002,0.8047000000000001,0.06989999999999999,40.0,30.0,30.0,212,21.2,cuomo
2025-03-21,2,-0.6134,-0.6134,0.0295,0.7805,0.1895,0.0,100.0,0.0,102,51.0,cuomo
2025-03-22,24,-0.15196666666666667,-0.1122,0.07854166666666666,0.7989166666666666,0.122625,29.166666666666668,50.0,20.833333333333336,571,23.791666666666668,cuomo
2025-03-23,3,-0.18720000000000003,-0.25,0.11766666666666666,0.6669999999999999,0.21533333333333335,33.33333333333333,66.66666666666666,0.0,82,27.333333333333332,cuomo
2025-03-26,152,-0.04876381578947368,0.0,0.09192105263157895,0.7871907894736843,0.12088815789473684,33.55263157894737,40.78947368421053,25.657894736842106,3412,22.44736842105263,cuomo
2025-03-27,176,-0.022395454545454548,0.0,0.09917613636363636,0.8077840909090909,0.09299999999999999,34.659090909090914,39.20454545454545,26.136363636363637,4813,27.34659090909091,cuomo
2025-03-28,38,0.0627236842105263,0.0,0.11710526315789474,0.8070789473684211,0.07578947368421052,47.368421052631575,34.21052631578947,18.421052631578945,879,23.13157894736842,cuomo
2025-03-29,5,-0.045799999999999993,0.0,0.0632,0.8051999999999999,0.1316,20.0,40.0,40.0,89,17.8,cuomo
2025-03-30,3,-0.5327666666666667,-0.4588,0.033,0.6016666666666667,0.36533333333333334,0.0,100.0,0.0,34,11.333333333333334,cuomo
2025-03-31,4,0.165625,0.30295,0.25525,0.63825,0.1065,75.0,25.0,0.0,51,12.75,cuomo
2025-04-01,1,0.0,0.0,0.0,1.0,0.0,0.0,0.0,100.0,7,7.0,cuomo
2025-04-02,4,0.08545,0.10345,0.09225,0.85325,0.054000000000000006,50.0,25.0,25.0,96,24.0,cuomo
2025-04-03,18,0.08909444444444443,0.05135,0.0898888888888889,0.8016111111111112,0.10844444444444444,50.0,33.33333333333333,16.666666666666664,638,35.44444444444444,cuomo
2025-04-04,159,0.0391685534591195,0.0,0.10969182389937106,0.7745786163522013,0.11576729559748428,44.0251572327044,38.36477987421384,17.61006289308176,5575,35.062893081761004,cuomo
2025-04-05,91,-0.007654945054945057,0.0,0.1081868131868132,0.7734505494505495,0.11838461538461538,38.46153846153847,41.75824175824176,19.78021978021978,2200,24.175824175824175,cuomo
2025-04-06,33,-0.08935757575757575,-0.1531,0.11533333333333333,0.7498181818181818,0.1348181818181818,30.303030303030305,51.515151515151516,18.181818181818183,1071,32.45454545454545,cuomo
2025-04-07,17,0.07991764705882354,0.0,0.1188235294117647,0.7565294117647059,0.12452941176470589,41.17647058823529,23.52941176470588,35.294117647058826,420,24.705882352941178,cuomo
2025-04-08,10,-0.05989,-0.15295,0.1807,0.6391,0.1803,30.0,60.0,10.0,110,11.0,cuomo
2025-04-09,124,0.0495,0.0,0.1350483870967742,0.7520725806451614,0.11291129032258064,44.354838709677416,39.516129032258064,16.129032258064516,3392,27.35483870967742,cuomo
2025-04-10,34,-0.14750000000000002,-0.10675,0.10435294117647059,0.7935294117647059,0.1021764705882353,29.411764705882355,50.0,20.588235294117645,1038,30.529411764705884,cuomo
2025-04-11,8,-0.0939875,0.02345,0.112875,0.737,0.150125,50.0,50.0,0.0,481,60.125,cuomo
2025-04-12,6,0.03869999999999999,0.0258,0.15916666666666668,0.7519999999999999,0.08849999999999998,50.0,16.666666666666664,33.33333333333333,134,22.333333333333332,cuomo
2025-04-13,22,-0.030145454545454545,-0.1027,0.09777272727272726,0.7906363636363636,0.11154545454545456,40.909090909090914,54.54545454545454,4.545454545454546,1458,66.27272727272727,cuomo
2025-04-14,2,0.25895,0.25895,0.10200000000000001,0.869,0.0285,100.0,0.0,0.0,137,68.5,cuomo
2025-04-16,120,-0.00692,0.0,0.11195833333333334,0.7767999999999999,0.11126666666666667,44.166666666666664,40.0,15.833333333333332,3975,33.125,cuomo
2025-04-17,265,-0.08858641509433962,0.0,0.0898188679245283,0.7780716981132075,0.13211698113207548,32.075471698113205,45.660377358490564,22.264150943396228,7139,26.939622641509434,cuomo
2025-04-18,139,-0.05301510791366906,0.0,0.11264748201438848,0.7330215827338129,0.15437410071942445,35.97122302158273,44.60431654676259,19.424460431654676,3021,21.73381294964029,cuomo
2025-04-19,39,-0.17043846153846154,-0.1263,0.08384615384615385,0.7722051282051282,0.14397435897435898,25.64102564102564,56.41025641025641,17.94871794871795,796,20.41025641025641,cuomo
2025-04-20,40,-0.0717425,0.0,0.0928,0.79035,0.11684999999999998,37.5,47.5,15.0,1393,34.825,cuomo
2025-04-21,17,-0.0798,-0.1689,0.07794117647058824,0.7995294117647059,0.12258823529411765,29.411764705882355,52.94117647058824,17.647058823529413,594,34.94117647058823,cuomo
2025-04-22,12,-0.3166083333333333,-0.26995,0.051166666666666666,0.7904166666666667,0.15841666666666668,8.333333333333332,58.333333333333336,33.33333333333333,349,29.083333333333332,cuomo
2025-04-24,3,0.1457333333333333,0.0,0.119,0.7686666666666667,0.11266666666666665,33.33333333333333,33.33333333333333,33.33333333333333,114,38.0,cuomo
2025-04-25,15,-0.048713333333333324,0.0,0.10273333333333333,0.7880666666666667,0.10913333333333333,26.666666666666668,40.0,33.33333333333333,754,50.266666666666666,cuomo
2025-04-26,5,0.15566,0.0,0.0236,0.9763999999999999,0.0,20.0,0.0,80.0,96,19.2,cuomo
2025-04-27,2,-0.010299999999999976,-0.010299999999999976,0.0665,0.9005000000000001,0.033,50.0,50.0,0.0,63,31.5,cuomo
2025-04-28,20,-0.10927,0.0,0.0912,0.7564,0.15230000000000002,35.0,45.0,20.0,502,25.1,cuomo
2025-04-29,1,0.8306,0.8306,0.161,0.839,0.0,100.0,0.0,0.0,60,60.0,cuomo
2025-04-30,2,0.3057,0.3057,0.05,0.95,0.0,50.0,0.0,50.0,48,24.0,cuomo
2025-05-02,1,-0.8126,-0.8126,0.103,0.705,0.192,0.0,100.0,0.0,78,78.0,cuomo
2025-05-03,1,0.9435,0.9435,0.216,0.738,0.046,100.0,0.0,0.0,87,87.0,cuomo
2025-05-05,4,0.084825,-0.07615,0.07475,0.8265,0.0985,25.0,50.0,25.0,85,21.25,cuomo
2025-05-08,3,-0.13246666666666665,-0.3182,0.057333333333333326,0.7563333333333334,0.18633333333333332,33.33333333333333,66.66666666666666,0.0,30,10.0,cuomo
2025-05-12,38,0.07352894736842104,0.0,0.12576315789473683,0.7920263157894737,0.08221052631578947,47.368421052631575,26.31578947368421,26.31578947368421,1136,29.894736842105264,cuomo
2025-05-13,16,0.06726874999999999,0.0,0.086375,0.8615,0.0520625,43.75,25.0,31.25,470,29.375,cuomo
2025-05-14,2,0.2997,0.2997,0.151,0.849,0.0,50.0,0.0,50.0,21,10.5,cuomo
2025-05-15,2,-0.24695,-0.24695,0.021,0.9305,0.048,0.0,50.0,50.0,61,30.5,cuomo
2025-05-16,5,0.18578,0.0,0.1508,0.8036,0.0456,40.0,20.0,40.0,95,19.0,cuomo
2025-05-20,5,-0.5183,-0.6597,0.0434,0.8018000000000001,0.155,0.0,80.0,20.0,257,51.4,cuomo
2025-05-21,60,-0.07451333333333333,0.0,0.1249,0.736,0.13903333333333334,43.333333333333336,46.666666666666664,10.0,1562,26.033333333333335,cuomo
2025-05-22,7,-0.002328571428571426,0.0,0.03842857142857143,0.902,0.059428571428571435,28.57142857142857,28.57142857142857,42.857142857142854,106,15.142857142857142,cuomo
2025-05-23,15,-0.27576,-0.4767,0.08866666666666667,0.7534,0.15773333333333334,26.666666666666668,60.0,13.333333333333334,720,48.0,cuomo
2025-05-24,4,-0.5307999999999999,-0.67615,0.03025,0.86875,0.101,25.0,75.0,0.0,325,81.25,cuomo
2025-05-25,7,-0.2560857142857143,-0.5106,0.08128571428571428,0.7885714285714285,0.13028571428571428,28.57142857142857,57.14285714285714,14.285714285714285,190,27.142857142857142,cuomo
2025-05-28,3,0.7199666666666666,0.8927,0.165,0.7516666666666666,0.08366666666666667,100.0,0.0,0.0,431,143.66666666666666,cuomo
2025-05-29,107,0.03987102803738318,0.0,0.09825233644859813,0.8235981308411215,0.0781214953271028,41.1214953271028,31.775700934579437,27.102803738317753,3385,31.635514018691588,cuomo
2025-05-30,64,-0.07002343750000001,-0.11535000000000001,0.13468750000000002,0.735078125,0.130265625,35.9375,51.5625,12.5,3528,55.125,cuomo
2025-05-31,1,0.2561,0.2561,0.077,0.883,0.04,100.0,0.0,0.0,28,28.0,cuomo
2025-06-01,4,0.17925,0.15755,0.11800000000000001,0.8285,0.0535,50.0,0.0,50.0,96,24.0,cuomo
2025-06-02,22,0.04446363636363637,0.0005,0.09918181818181818,0.8000909090909091,0.10072727272727273,45.45454545454545,40.909090909090914,13.636363636363635,1471,66.86363636363636,cuomo
2025-06-03,11,0.05616363636363637,0.0,0.11,0.8306363636363637,0.059272727272727276,45.45454545454545,27.27272727272727,27.27272727272727,1109,100.81818181818181,cuomo
2025-06-04,21,0.1348,0.0,0.0951904761904762,0.8676666666666667,0.037142857142857144,42.857142857142854,23.809523809523807,33.33333333333333,695,33.095238095238095,cuomo
2025-06-05,19,0.12591052631578947,0.1027,0.15289473684210525,0.7553684210526316,0.09173684210526316,52.63157894736842,21.052631578947366,26.31578947368421,666,35.05263157894737,cuomo
2025-06-06,75,-0.08372666666666666,0.0,0.08604,0.8112,0.10274666666666667,30.666666666666664,37.333333333333336,32.0,1618,21.573333333333334,cuomo
2025-06-07,31,0.053329032258064506,0.0,0.1192258064516129,0.792,0.08877419354838709,48.38709677419355,35.483870967741936,16.129032258064516,1612,52.0,cuomo
2025-06-08,2,-0.27115,-0.27115,0.0,0.89,0.11,0.0,50.0,50.0,28,14.0,cuomo
2025-06-09,11,0.0016727272727272702,0.0,0.07881818181818182,0.8787272727272728,0.04236363636363636,36.36363636363637,27.27272727272727,36.36363636363637,264,24.0,cuomo
2025-06-10,54,0.04586296296296296,0.0,0.12270370370370369,0.7623148148148148,0.11505555555555556,42.592592592592595,37.03703703703704,20.37037037037037,1689,31.27777777777778,cuomo
2025-06-11,41,-0.0934609756097561,0.0,0.13658536585365852,0.740780487804878,0.12256097560975611,36.58536585365854,41.46341463414634,21.951219512195124,1407,34.31707317073171,cuomo
2025-06-12,35,-0.1362714285714286,-0.1779,0.11439999999999999,0.7762571428571429,0.10937142857142858,34.285714285714285,51.42857142857142,14.285714285714285,2124,60.68571428571428,cuomo
2025-06-13,1,-0.1027,-0.1027,0.0,0.935,0.065,0.0,100.0,0.0,23,23.0,cuomo
2025-06-15,22,-0.16876363636363637,-0.09385,0.06368181818181819,0.7831363636363636,0.15313636363636365,22.727272727272727,50.0,27.27272727272727,377,17.136363636363637,cuomo
2025-06-16,17,-0.20098823529411766,0.0,0.0743529411764706,0.7937058823529411,0.13194117647058823,29.411764705882355,35.294117647058826,35.294117647058826,669,39.35294117647059,cuomo
2025-06-17,9,0.1456,0.0,0.11866666666666667,0.8454444444444444,0.03588888888888889,44.44444444444444,22.22222222222222,33.33333333333333,153,17.0,cuomo
2025-06-18,12,-0.2715083333333333,-0.37565000000000004,0.07075,0.8084166666666667,0.12083333333333333,25.0,58.333333333333336,16.666666666666664,760,63.333333333333336,cuomo
2025-06-19,78,0.13544358974358975,0.07045,0.12784615384615383,0.780948717948718,0.09121794871794872,50.0,29.48717948717949,20.51282051282051,2702,34.64102564102564,cuomo
2025-06-20,16,0.25546875,0.4496,0.1730625,0.749625,0.077125,68.75,31.25,0.0,698,43.625,cuomo
2025-06-21,60,0.012850000000000002,0.0,0.13196666666666668,0.7658333333333334,0.10225,46.666666666666664,35.0,18.333333333333332,1442,24.033333333333335,cuomo
2025-06-22,30,-0.18387666666666666,-0.16435,0.09066666666666667,0.7936666666666666,0.11566666666666665,33.33333333333333,53.333333333333336,13.333333333333334,1413,47.1,cuomo
2025-06-23,29,-0.23821724137931033,-0.1531,0.06096551724137931,0.7649999999999999,0.17417241379310344,13.793103448275861,55.172413793103445,31.03448275862069,1080,37.241379310344826,cuomo
2025-06-24,89,-0.0334685393258427,0.0,0.12759550561797753,0.7465168539325843,0.12585393258426966,41.57303370786517,48.31460674157304,10.112359550561797,3491,39.2247191011236,cuomo
2025-06-25,442,0.07251515837104072,0.0,0.12330769230769231,0.786898190045249,0.0898054298642534,45.248868778280546,34.38914027149321,20.361990950226243,14735,33.33710407239819,cuomo
2025-06-26,58,0.0808206896551724,0.11535000000000001,0.12505172413793103,0.7767586206896552,0.09818965517241379,51.724137931034484,34.48275862068966,13.793103448275861,3447,59.43103448275862,cuomo
2025-06-27,30,-0.006919999999999998,-0.01935,0.13313333333333335,0.7373666666666666,0.1296,43.333333333333336,43.333333333333336,13.333333333333334,1178,39.266666666666666,cuomo
2025-06-28,10,0.15689000000000003,0.07655,0.1012,0.8294,0.0695,50.0,30.0,20.0,540,54.0,cuomo
2025-06-29,3,-0.30810000000000004,-0.4137,0.0,0.9,0.09999999999999999,0.0,66.66666666666666,33.33333333333333,62,20.666666666666668,cuomo
2025-06-30,10,0.10061,0.13710000000000003,0.157,0.728,0.11499999999999999,50.0,50.0,0.0,674,67.4,cuomo
2025-07-01,13,0.14685384615384617,0.3832,0.12715384615384615,0.7723846153846154,0.10061538461538462,61.53846153846154,30.76923076923077,7.6923076923076925,434,33.38461538461539,cuomo
2025-07-02,19,0.4524789473684211,0.6705,0.17778947368421052,0.7677368421052632,0.05447368421052631,68.42105263157895,26.31578947368421,5.263157894736842,1368,72.0,cuomo
2025-07-03,8,-0.2067,-0.2377,0.07525,0.849,0.075875,37.5,50.0,12.5,966,120.75,cuomo
2025-07-04,15,-0.08381333333333332,0.0,0.07706666666666666,0.84,0.08299999999999999,46.666666666666664,46.666666666666664,6.666666666666667,1525,101.66666666666667,cuomo
2025-07-06,1,-0.2912,-0.2912,0.0,0.953,0.047,0.0,100.0,0.0,60,60.0,cuomo
2025-07-07,2,0.39715,0.39715,0.1135,0.8565,0.0295,50.0,0.0,50.0,62,31.0,cuomo
2025-07-08,30,0.05159666666666667,0.0,0.10753333333333333,0.8014666666666667,0.091,43.333333333333336,36.666666666666664,20.0,2048,68.26666666666667,cuomo
2025-07-09,2,-0.08895,-0.08895,0.047,0.857,0.096,0.0,50.0,50.0,49,24.5,cuomo
2025-07-10,6,0.1215,-0.03854999999999999,0.14433333333333334,0.715,0.14066666666666666,50.0,50.0,0.0,286,47.666666666666664,cuomo
2025-07-11,2,0.20984999999999998,0.20984999999999998,0.042,0.8865000000000001,0.0715,50.0,50.0,0.0,76,38.0,cuomo
2025-07-13,5,0.58082,0.5267,0.1516,0.7782,0.0702,100.0,0.0,0.0,365,73.0,cuomo
2025-07-14,130,0.14926615384615383,0.09675,0.12353076923076924,0.8053769230769231,0.07108461538461538,50.76923076923077,24.615384615384617,24.615384615384617,3427,26.361538461538462,cuomo
2025-07-15,69,-0.0661695652173913,0.0,0.09915942028985507,0.7841304347826087,0.11665217391304347,36.231884057971016,42.028985507246375,21.73913043478261,1866,27.043478260869566,cuomo
2025-07-16,6,-0.1363,-0.00955,0.08966666666666667,0.7925,0.11766666666666666,16.666666666666664,33.33333333333333,50.0,170,28.333333333333332,cuomo
2025-07-17,2,-0.148,-0.148,0.098,0.696,0.206,0.0,50.0,50.0,13,6.5,cuomo
2025-07-18,3,0.012499999999999992,0.1779,0.08266666666666667,0.7933333333333333,0.124,66.66666666666666,33.33333333333333,0.0,64,21.333333333333332,cuomo
2025-07-19,2,0.0,0.0,0.0,1.0,0.0,0.0,0.0,100.0,19,9.5,cuomo
2025-07-20,1,0.0,0.0,0.0,1.0,0.0,0.0,0.0,100.0,10,10.0,cuomo
2025-07-21,1,0.2732,0.2732,0.162,0.723,0.115,100.0,0.0,0.0,19,19.0,cuomo
2025-07-24,1,0.5413,0.5413,0.176,0.753,0.071,100.0,0.0,0.0,36,36.0,cuomo
2025-07-25,33,-0.1300151515151515,-0.1723,0.06021212121212122,0.801,0.13890909090909093,24.242424242424242,54.54545454545454,21.21212121212121,1213,36.75757575757576,cuomo
2025-07-26,99,-0.03732727272727272,0.0,0.08032323232323232,0.8301818181818182,0.08951515151515152,30.303030303030305,36.36363636363637,33.33333333333333,2111,21.32323232323232,cuomo
2025-07-27,21,0.11280952380952382,0.0772,0.1438095238095238,0.7845714285714285,0.07161904761904762,52.38095238095239,33.33333333333333,14.285714285714285,515,24.523809523809526,cuomo
2025-07-28,7,0.09131428571428571,0.0,0.059428571428571435,0.8665714285714285,0.07414285714285715,28.57142857142857,42.857142857142854,28.57142857142857,260,37.142857142857146,cuomo
2025-07-29,88,0.048417045454545456,0.0,0.11912500000000001,0.7773863636363636,0.10354545454545455,39.77272727272727,37.5,22.727272727272727,2645,30.056818181818183,cuomo
2025-07-30,58,0.13261379310344829,0.184,0.15167241379310345,0.7657241379310344,0.08260344827586208,55.172413793103445,29.310344827586203,15.517241379310345,1493,25.74137931034483,cuomo
2025-07-31,15,0.33510666666666666,0.4019,0.18173333333333333,0.7490666666666665,0.0692,73.33333333333333,6.666666666666667,20.0,388,25.866666666666667,cuomo
2025-08-01,14,-0.15392142857142854,0.0,0.07635714285714286,0.75,0.17364285714285715,21.428571428571427,42.857142857142854,35.714285714285715,300,21.428571428571427,cuomo
2025-08-02,4,0.489475,0.6936500000000001,0.20099999999999998,0.7535,0.0455,75.0,25.0,0.0,329,82.25,cuomo
2025-08-03,5,-0.20014000000000004,-0.1531,0.0738,0.8019999999999999,0.1244,40.0,60.0,0.0,366,73.2,cuomo
2025-08-06,1,0.0513,0.0513,0.122,0.769,0.109,100.0,0.0,0.0,140,140.0,cuomo
2025-08-07,176,-0.045454545454545456,0.0,0.11912500000000001,0.7558352272727272,0.12501136363636364,35.22727272727273,45.45454545454545,19.318181818181817,4946,28.102272727272727,cuomo
2025-08-08,27,0.06866666666666667,0.0,0.15088888888888888,0.7345555555555555,0.11444444444444445,44.44444444444444,37.03703703703704,18.51851851851852,639,23.666666666666668,cuomo
2025-08-09,80,-0.005457500000000003,0.0,0.11480000000000001,0.774575,0.11065,31.25,37.5,31.25,2042,25.525,cuomo
2025-08-10,19,-0.027763157894736833,0.0,0.05105263157894737,0.8555789473684211,0.09336842105263159,26.31578947368421,36.84210526315789,36.84210526315789,482,25.36842105263158,cuomo
2025-08-11,5,0.38188000000000005,0.5106,0.2016,0.7076,0.091,80.0,20.0,0.0,88,17.6,cuomo
2025-08-12,170,0.10952705882352942,0.01535,0.11576470588235294,0.8043117647058824,0.07993529411764706,49.411764705882355,34.11764705882353,16.470588235294116,6390,37.588235294117645,cuomo
2025-08-13,94,0.04114042553191489,0.0,0.11351063829787233,0.7877234042553192,0.09874468085106383,40.42553191489361,38.297872340425535,21.27659574468085,3944,41.95744680851064,cuomo
2025-08-14,26,-0.03271153846153846,0.0,0.10023076923076922,0.8162307692307693,0.08361538461538462,34.61538461538461,46.15384615384615,19.230769230769234,992,38.15384615384615,cuomo
2025-08-15,6,0.009016666666666654,0.0,0.10333333333333333,0.7408333333333333,0.156,16.666666666666664,33.33333333333333,50.0,83,13.833333333333334,cuomo
2025-08-16,1,-0.6808,-0.6808,0.0,0.714,0.286,0.0,100.0,0.0,18,18.0,cuomo
2025-08-17,1,0.6059,0.6059,0.051,0.93,0.019,100.0,0.0,0.0,146,146.0,cuomo
2025-08-18,1,0.6369,0.6369,0.375,0.625,0.0,100.0,0.0,0.0,9,9.0,cuomo
2025-08-19,8,0.17596249999999997,0.36915,0.14225,0.7641249999999999,0.09375,62.5,37.5,0.0,355,44.375,cuomo
2025-08-20,65,-0.007681538461538465,0.0,0.10015384615384615,0.8007692307692307,0.09909230769230769,43.07692307692308,35.38461538461539,21.53846153846154,2535,39.0,cuomo
2025-08-21,50,0.16426200000000002,0.16515000000000002,0.17172,0.72514,0.10308,52.0,36.0,12.0,1434,28.68,cuomo
2025-08-22,14,-0.10176428571428572,-0.23695,0.06257142857142857,0.8038571428571428,0.1335714285714286,28.57142857142857,57.14285714285714,14.285714285714285,669,47.785714285714285,cuomo
2025-08-23,6,-0.30760000000000004,-0.3501,0.10383333333333333,0.7545000000000001,0.142,33.33333333333333,66.66666666666666,0.0,323,53.833333333333336,cuomo
2025-08-24,90,0.09994222222222222,0.0036499999999999996,0.12902222222222223,0.7757111111111112,0.09523333333333334,46.666666666666664,31.11111111111111,22.22222222222222,3019,33.544444444444444,cuomo
2025-08-25,35,0.04723714285714285,0.0,0.10311428571428571,0.8232857142857143,0.07365714285714285,37.142857142857146,37.142857142857146,25.71428571428571,897,25.62857142857143,cuomo
2025-08-26,3,-0.2034,0.0,0.10033333333333333,0.682,0.21766666666666667,33.33333333333333,33.33333333333333,33.33333333333333,32,10.666666666666666,cuomo
2025-08-28,2,-0.009800000000000003,-0.009800000000000003,0.086,0.8225,0.0915,50.0,50.0,0.0,34,17.0,cuomo
2025-08-29,4,0.07652500000000001,0.16945,0.11325,0.7915,0.095,75.0,25.0,0.0,109,27.25,cuomo
2025-08-30,2,-0.0946,-0.0946,0.0705,0.8214999999999999,0.108,50.0,50.0,0.0,143,71.5,cuomo
2025-09-01,88,-0.032443181818181815,0.0,0.10509090909090908,0.7956363636363637,0.09927272727272728,38.63636363636363,46.590909090909086,14.772727272727273,3339,37.94318181818182,cuomo
2025-09-02,70,-0.09326,-0.0428,0.09638571428571428,0.8068,0.09681428571428571,40.0,50.0,10.0,3997,57.1,cuomo
2025-09-03,1,0.7902,0.7902,0.07,0.913,0.017,100.0,0.0,0.0,126,126.0,cuomo
2025-09-04,9,-0.44891111111111104,-0.5478,0.07322222222222223,0.7874444444444444,0.13933333333333334,11.11111111111111,88.88888888888889,0.0,816,90.66666666666667,cuomo
2025-09-05,17,0.1417529411764706,0.2023,0.10976470588235294,0.8151176470588235,0.07511764705882354,58.82352941176471,29.411764705882355,11.76470588235294,776,45.64705882352941,cuomo
2025-09-06,12,0.41030833333333333,0.518,0.16825,0.7958333333333334,0.036,75.0,8.333333333333332,16.666666666666664,590,49.166666666666664,cuomo
2025-09-07,1,0.5789,0.5789,0.161,0.839,0.0,100.0,0.0,0.0,35,35.0,cuomo
2025-09-08,4,0.056624999999999995,0.12085,0.05225,0.86425,0.0835,50.0,25.0,25.0,201,50.25,cuomo
2025-09-09,21,-0.05647142857142858,0.0,0.1189047619047619,0.7436190476190476,0.13766666666666666,42.857142857142854,42.857142857142854,14.285714285714285,1012,48.19047619047619,cuomo
2025-09-10,17,-0.013529411764705868,-0.3182,0.15705882352941175,0.7422352941176471,0.10076470588235295,41.17647058823529,58.82352941176471,0.0,1016,59.76470588235294,cuomo
2025-09-11,2,-0.11225000000000002,-0.11225000000000002,0.1225,0.8055,0.0715,50.0,50.0,0.0,88,44.0,cuomo
2025-09-12,3,0.2803,0.3096,0.11699999999999999,0.8433333333333334,0.03933333333333333,100.0,0.0,0.0,208,69.33333333333333,cuomo
2025-09-13,10,0.0050699999999999894,0.0395,0.1172,0.7746999999999999,0.1081,50.0,40.0,10.0,372,37.2,cuomo
2025-09-14,2,0.036599999999999994,0.036599999999999994,0.11049999999999999,0.8265,0.063,50.0,50.0,0.0,37,18.5,cuomo
2025-09-15,14,0.35044285714285717,0.4711,0.12778571428571428,0.8082142857142857,0.06392857142857143,71.42857142857143,14.285714285714285,14.285714285714285,586,41.857142857142854,cuomo
2025-09-16,31,0.022709677419354837,0.0,0.08574193548387096,0.8411935483870967,0.07316129032258063,29.03225806451613,32.25806451612903,38.70967741935484,702,22.64516129032258,cuomo
2025-09-17,8,0.12655,0.018,0.0805,0.82375,0.095875,37.5,25.0,37.5,401,50.125,cuomo
2025-09-18,16,0.2443375,0.38745,0.15025,0.8043125,0.0454375,62.5,25.0,12.5,600,37.5,cuomo
2025-09-19,4,-0.1512,-0.17,0.036000000000000004,0.866,0.09775,25.0,50.0,25.0,141,35.25,cuomo
2025-09-20,1,0.3612,0.3612,0.088,0.856,0.056,100.0,0.0,0.0,73,73.0,cuomo
2025-09-21,2,-0.2882,-0.2882,0.007,0.9764999999999999,0.0165,0.0,50.0,50.0,363,181.5,cuomo
2025-09-22,1,-0.5562,-0.5562,0.0,0.77,0.23,0.0,100.0,0.0,13,13.0,cuomo
2025-09-23,8,0.4816,0.59215,0.20275,0.74875,0.048375,75.0,0.0,25.0,250,31.25,cuomo
2025-09-24,53,0.10351886792452832,0.0,0.09239622641509435,0.8514905660377358,0.05607547169811321,43.39622641509434,22.641509433962266,33.9622641509434,1943,36.660377358490564,cuomo
2025-09-25,45,0.04353111111111111,0.0,0.11242222222222223,0.7996444444444445,0.08786666666666668,44.44444444444444,26.666666666666668,28.888888888888886,1160,25.77777777777778,cuomo
2025-09-26,8,-0.1088625,-0.03375,0.165875,0.70025,0.133875,50.0,50.0,0.0,223,27.875,cuomo
2025-09-27,164,0.06410853658536586,0.0,0.12407317073170732,0.7708658536585365,0.1050609756097561,43.292682926829265,35.97560975609756,20.73170731707317,4991,30.432926829268293,cuomo
2025-09-28,131,0.10220152671755726,0.0,0.11676335877862595,0.808412213740458,0.07483206106870229,48.091603053435115,27.480916030534353,24.427480916030532,3490,26.641221374045802,cuomo
2025-09-29,36,-0.04778055555555557,0.0,0.13077777777777777,0.7645555555555555,0.10477777777777778,41.66666666666667,41.66666666666667,16.666666666666664,1397,38.80555555555556,cuomo
2025-09-30,6,-0.03343333333333332,-0.05135,0.08716666666666667,0.8176666666666668,0.09500000000000001,33.33333333333333,50.0,16.666666666666664,95,15.833333333333334,cuomo
2025-10-01,2,0.4846,0.4846,0.0765,0.888,0.0355,50.0,0.0,50.0,228,114.0,cuomo
2025-10-02,1,0.0,0.0,0.0,1.0,0.0,0.0,0.0,100.0,17,17.0,cuomo
2025-10-06,157,0.006963694267515922,0.0,0.1007452229299363,0.8086815286624204,0.09055414012738854,36.30573248407643,37.57961783439491,26.11464968152866,3828,24.38216560509554,cuomo
2025-10-07,76,0.05282499999999999,0.0884,0.13663157894736844,0.7663552631578948,0.09705263157894738,52.63157894736842,34.21052631578947,13.157894736842104,2268,29.842105263157894,cuomo
2025-10-08,34,-0.004308823529411767,0.0,0.12011764705882352,0.7845294117647059,0.09538235294117647,44.11764705882353,41.17647058823529,14.705882352941178,1036,30.470588235294116,cuomo
2025-10-09,5,-0.58114,-0.7329,0.07139999999999999,0.7844,0.1442,0.0,80.0,20.0,597,119.4,cuomo
2025-10-10,11,0.05740909090909092,0.0,0.13345454545454546,0.7846363636363637,0.08190909090909092,45.45454545454545,27.27272727272727,27.27272727272727,231,21.0,cuomo
2025-10-11,2,0.24695,0.24695,0.258,0.742,0.0,50.0,0.0,50.0,30,15.0,cuomo
2025-10-12,100,0.133675,0.0,0.11452999999999999,0.79259,0.09292,48.0,26.0,26.0,3095,30.95,cuomo
2025-10-13,21,0.20202380952380952,0.4588,0.13428571428571429,0.7748571428571428,0.0909047619047619,52.38095238095239,38.095238095238095,9.523809523809524,1538,73.23809523809524,cuomo
2025-10-14,5,-0.16,-0.0258,0.0822,0.756,0.1618,0.0,40.0,60.0,103,20.6,cuomo
2025-10-15,7,-0.18675714285714287,0.0,0.062142857142857146,0.8521428571428571,0.08585714285714285,28.57142857142857,42.857142857142854,28.57142857142857,456,65.14285714285714,cuomo
2025-10-16,3,0.1366,0.0772,0.14233333333333334,0.7403333333333334,0.11699999999999999,66.66666666666666,33.33333333333333,0.0,193,64.33333333333333,cuomo
2025-10-17,14,-0.009457142857142862,-0.17165,0.12150000000000001,0.7585714285714287,0.11992857142857143,35.714285714285715,57.14285714285714,7.142857142857142,1024,73.14285714285714,cuomo
2025-10-18,2,-0.8032,-0.8032,0.035,0.7055,0.26,0.0,100.0,0.0,64,32.0,cuomo
2025-10-20,2,-0.5207499999999999,-0.5207499999999999,0.0695,0.6985,0.232,0.0,100.0,0.0,40,20.0,cuomo
2025-10-21,409,0.03167848410757946,0.0,0.10654523227383862,0.7889779951100244,0.10448410757946211,41.56479217603912,37.65281173594132,20.78239608801956,13614,33.28606356968215,cuomo
2025-10-22,82,0.04719268292682927,0.0,0.09853658536585366,0.801548780487805,0.09992682926829269,41.46341463414634,32.926829268292686,25.609756097560975,2436,29.70731707317073,cuomo
2025-10-23,120,0.07271999999999999,0.0,0.15974166666666667,0.7221083333333334,0.11816666666666667,40.833333333333336,35.0,24.166666666666668,2626,21.883333333333333,cuomo
2025-10-24,116,0.07523706896551724,0.0,0.10333620689655172,0.8069999999999999,0.08966379310344827,45.689655172413794,34.48275862068966,19.82758620689655,5065,43.66379310344828,cuomo
2025-10-25,83,0.029375903614457834,0.0,0.11727710843373494,0.7814819277108433,0.10126506024096385,44.57831325301205,38.55421686746988,16.867469879518072,4078,49.13253012048193,cuomo
2025-10-26,24,0.1487,0.24795,0.147625,0.7504583333333333,0.10191666666666667,54.166666666666664,37.5,8.333333333333332,2087,86.95833333333333,cuomo
2025-10-27,46,0.0794304347826087,0.0,0.07754347826086957,0.8559565217391305,0.0665,39.130434782608695,32.608695652173914,28.26086956521739,1599,34.76086956521739,cuomo
2025-10-28,55,0.08845636363636364,0.0772,0.10116363636363636,0.8153090909090909,0.08350909090909091,52.72727272727272,27.27272727272727,20.0,1715,31.181818181818183,cuomo
2025-10-29,74,-0.009144594594594596,0.0,0.11686486486486486,0.7782162162162163,0.10491891891891893,36.486486486486484,39.189189189189186,24.324324324324326,2001,27.04054054054054,cuomo
2025-10-30,302,0.048685099337748346,0.0,0.12481125827814568,0.7725331125827815,0.10264238410596027,46.688741721854306,37.74834437086093,15.562913907284766,13888,45.98675496688742,cuomo
2025-10-31,17,0.09181764705882353,0.1027,0.09335294117647058,0.7908823529411765,0.1158235294117647,58.82352941176471,23.52941176470588,17.647058823529413,420,24.705882352941178,cuomo
2024-11-07,1,0.8911,0.8911,0.156,0.778,0.065,100.0,0.0,0.0,104,104.0,mamdani
2025-01-23,2,0.3953,0.3953,0.085,0.8905000000000001,0.0245,50.0,0.0,50.0,67,33.5,mamdani
2025-01-30,1,0.6187,0.6187,0.168,0.832,0.0,100.0,0.0,0.0,33,33.0,mamdani
2025-02-22,1,-0.8435,-0.8435,0.055,0.755,0.191,0.0,100.0,0.0,65,65.0,mamdani
2025-02-23,4,0.24695,0.20095,0.158,0.842,0.0,50.0,0.0,50.0,49,12.25,mamdani
2025-02-24,1,0.4574,0.4574,0.158,0.842,0.0,100.0,0.0,0.0,17,17.0,mamdani
2025-02-27,4,0.604625,0.5731999999999999,0.276,0.70575,0.01825,100.0,0.0,0.0,105,26.25,mamdani
2025-02-28,8,-0.18188749999999998,-0.1909,0.08375,0.793,0.12325,12.5,50.0,37.5,274,34.25,mamdani
2025-03-01,7,0.16877142857142857,0.3182,0.1337142857142857,0.8011428571428573,0.06514285714285714,57.14285714285714,28.57142857142857,14.285714285714285,217,31.0,mamdani
2025-03-02,4,-0.23422500000000002,-0.21945,0.048999999999999995,0.74875,0.20174999999999998,25.0,50.0,25.0,147,36.75,mamdani
2025-03-03,5,0.23314000000000004,0.0,0.11939999999999999,0.8548,0.0258,40.0,20.0,40.0,151,30.2,mamdani
2025-03-04,6,0.22694999999999999,0.1901,0.2115,0.71,0.0785,50.0,33.33333333333333,16.666666666666664,101,16.833333333333332,mamdani
2025-03-06,2,0.2427,0.2427,0.1175,0.8360000000000001,0.0465,50.0,0.0,50.0,50,25.0,mamdani
2025-03-11,2,0.4456,0.4456,0.1245,0.8755,0.0,50.0,0.0,50.0,57,28.5,mamdani
2025-03-13,12,0.33479166666666665,0.27749999999999997,0.12308333333333334,0.8490000000000001,0.027833333333333335,58.333333333333336,0.0,41.66666666666667,354,29.5,mamdani
2025-03-14,3,0.32983333333333337,0.8126,0.23399999999999999,0.7333333333333334,0.03266666666666667,66.66666666666666,33.33333333333333,0.0,124,41.333333333333336,mamdani
2025-03-17,1,-0.2263,-0.2263,0.081,0.811,0.108,0.0,100.0,0.0,29,29.0,mamdani
2025-03-18,7,0.049028571428571435,0.0,0.04257142857142857,0.8698571428571429,0.08771428571428572,28.57142857142857,42.857142857142854,28.57142857142857,371,53.0,mamdani
2025-03-19,3,0.36379999999999996,0.3818,0.11866666666666666,0.8636666666666667,0.017666666666666667,66.66666666666666,0.0,33.33333333333333,136,45.333333333333336,mamdani
2025-03-20,3,0.6009666666666668,0.8658,0.25433333333333336,0.7143333333333333,0.031,66.66666666666666,0.0,33.33333333333333,72,24.0,mamdani
2025-03-22,1,0.0772,0.0772,0.098,0.902,0.0,100.0,0.0,0.0,13,13.0,mamdani
2025-03-26,147,-0.06470544217687074,0.0,0.08979591836734693,0.7859115646258503,0.12429931972789114,31.97278911564626,42.17687074829932,25.850340136054424,3139,21.35374149659864,mamdani
2025-03-27,119,-0.04355210084033613,0.0,0.10345378151260504,0.793689075630252,0.10282352941176472,31.932773109243694,43.69747899159664,24.369747899159663,3360,28.235294117647058,mamdani
2025-03-28,23,0.07885652173913042,0.0,0.12517391304347827,0.7984347826086957,0.07634782608695652,39.130434782608695,34.78260869565217,26.08695652173913,538,23.391304347826086,mamdani
2025-03-29,2,-0.0965,-0.0965,0.044,0.9065,0.0495,0.0,50.0,50.0,66,33.0,mamdani
2025-03-30,3,-0.5327666666666667,-0.4588,0.033,0.6016666666666667,0.36533333333333334,0.0,100.0,0.0,34,11.333333333333334,mamdani
2025-03-31,2,0.5386500000000001,0.5386500000000001,0.3915,0.6085,0.0,100.0,0.0,0.0,13,6.5,mamdani
2025-04-01,1,0.0,0.0,0.0,1.0,0.0,0.0,0.0,100.0,7,7.0,mamdani
2025-04-02,1,-0.7515,-0.7515,0.042,0.797,0.162,0.0,100.0,0.0,42,42.0,mamdani
2025-04-03,5,0.18472,0.0258,0.10700000000000001,0.8794000000000001,0.013600000000000001,40.0,0.0,60.0,86,17.2,mamdani
2025-04-04,12,0.3281,0.4657,0.16841666666666666,0.75325,0.07841666666666666,66.66666666666666,33.33333333333333,0.0,689,57.416666666666664,mamdani
2025-04-05,6,0.01381666666666668,-0.05259999999999998,0.122,0.7605,0.1175,50.0,50.0,0.0,296,49.333333333333336,mamdani
2025-04-06,1,-0.8225,-0.8225,0.073,0.779,0.148,0.0,100.0,0.0,88,88.0,mamdani
2025-04-07,4,0.44067500000000004,0.43525,0.14075000000000001,0.77025,0.08875,75.0,0.0,25.0,202,50.5,mamdani
2025-04-08,1,0.4588,0.4588,0.205,0.709,0.087,100.0,0.0,0.0,21,21.0,mamdani
2025-04-09,2,0.36675,0.36675,0.135,0.794,0.07100000000000001,100.0,0.0,0.0,70,35.0,mamdani
2025-04-10,3,-0.6405333333333333,-0.7941,0.14133333333333334,0.5996666666666667,0.259,0.0,100.0,0.0,108,36.0,mamdani
2025-04-13,5,0.10869999999999999,0.0,0.0484,0.9256,0.026000000000000002,20.0,20.0,60.0,126,25.2,mamdani
2025-04-16,10,0.14362,0.2973,0.1749,0.7439,0.0814,60.0,40.0,0.0,722,72.2,mamdani
2025-04-17,16,-0.075075,0.0,0.0925625,0.8290625,0.078375,43.75,43.75,12.5,1467,91.6875,mamdani
2025-04-18,4,0.288675,0.23695,0.10924999999999999,0.873,0.01775,75.0,0.0,25.0,100,25.0,mamdani
2025-04-19,2,-0.0986,-0.0986,0.088,0.8089999999999999,0.103,50.0,50.0,0.0,20,10.0,mamdani
2025-04-20,145,0.1379006896551724,0.2732,0.1433655172413793,0.7634206896551724,0.09327586206896551,56.55172413793104,35.172413793103445,8.275862068965518,7310,50.41379310344828,mamdani
2025-04-21,23,0.1197,0.2023,0.12586956521739132,0.7987391304347825,0.07539130434782608,60.86956521739131,34.78260869565217,4.3478260869565215,1398,60.78260869565217,mamdani
2025-04-22,2,-0.08895,-0.08895,0.023,0.9515,0.0255,0.0,50.0,50.0,152,76.0,mamdani
2025-04-23,1,0.0,0.0,0.0,1.0,0.0,0.0,0.0,100.0,21,21.0,mamdani
2025-04-28,2,-0.6293500000000001,-0.6293500000000001,0.076,0.7335,0.1905,0.0,100.0,0.0,57,28.5,mamdani
2025-04-29,1,0.0,0.0,0.0,1.0,0.0,0.0,0.0,100.0,9,9.0,mamdani
2025-05-12,6,0.13241666666666665,0.0,0.067,0.9151666666666666,0.017666666666666667,33.33333333333333,16.666666666666664,50.0,113,18.833333333333332,mamdani
2025-05-13,2,0.1688,0.1688,0.056,0.944,0.0,50.0,0.0,50.0,56,28.0,mamdani
2025-05-16,10,-0.44580000000000003,-0.47235000000000005,0.024700000000000003,0.7464000000000001,0.22889999999999996,10.0,60.0,30.0,201,20.1,mamdani
2025-05-23,3,-0.2177,-0.6597,0.11366666666666665,0.6463333333333333,0.24033333333333332,33.33333333333333,66.66666666666666,0.0,132,44.0,mamdani
2025-05-29,11,0.22265454545454544,0.0772,0.1389090909090909,0.8151818181818182,0.04581818181818182,54.54545454545454,9.090909090909092,36.36363636363637,252,22.90909090909091,mamdani
2025-05-30,6,0.17389999999999997,0.17435,0.19833333333333333,0.7240000000000001,0.078,50.0,50.0,0.0,511,85.16666666666667,mamdani
2025-06-01,29,0.013351724137931032,0.0,0.12051724137931034,0.7874827586206896,0.09206896551724138,34.48275862068966,27.586206896551722,37.93103448275862,1046,36.06896551724138,mamdani
2025-06-02,2,0.25060000000000004,0.25060000000000004,0.268,0.526,0.206,50.0,50.0,0.0,30,15.0,mamdani
2025-06-04,13,0.10131538461538461,0.0,0.09684615384615386,0.8412307692307692,0.06192307692307693,46.15384615384615,23.076923076923077,30.76923076923077,357,27.46153846153846,mamdani
2025-06-05,85,0.18761999999999998,0.1511,0.14730588235294118,0.7799176470588236,0.07276470588235294,52.94117647058824,25.882352941176475,21.176470588235293,2744,32.28235294117647,mamdani
2025-06-06,26,0.08016538461538461,0.0,0.09530769230769232,0.8199615384615384,0.08469230769230769,46.15384615384615,34.61538461538461,19.230769230769234,942,36.23076923076923,mamdani
2025-06-07,1,0.3182,0.3182,0.223,0.777,0.0,100.0,0.0,0.0,9,9.0,mamdani
2025-06-09,1,-0.3252,-0.3252,0.0,0.955,0.045,0.0,100.0,0.0,52,52.0,mamdani
2025-06-10,1,0.5927,0.5927,0.074,0.926,0.0,100.0,0.0,0.0,63,63.0,mamdani
2025-06-11,2,0.12085,0.12085,0.14550000000000002,0.724,0.1305,100.0,0.0,0.0,169,84.5,mamdani
2025-06-12,12,0.01419999999999999,0.1026,0.13141666666666665,0.80675,0.06175,50.0,33.33333333333333,16.666666666666664,1486,123.83333333333333,mamdani
2025-06-14,1,0.8218,0.8218,0.132,0.822,0.046,100.0,0.0,0.0,138,138.0,mamdani
2025-06-15,4,-0.39695,-0.35655,0.0,0.81325,0.18675,0.0,50.0,50.0,58,14.5,mamdani
2025-06-16,3,-0.11043333333333334,0.0,0.03133333333333333,0.866,0.103,33.33333333333333,33.33333333333333,33.33333333333333,135,45.0,mamdani
2025-06-17,4,0.222675,0.2294,0.08950000000000001,0.87825,0.03225,50.0,25.0,25.0,275,68.75,mamdani
2025-06-18,112,-0.1246419642857143,-0.08995,0.12617857142857142,0.7449196428571428,0.12892857142857142,33.035714285714285,52.67857142857143,14.285714285714285,5054,45.125,mamdani
2025-06-19,14,-0.15366428571428573,-0.34175,0.1162857142857143,0.7123571428571429,0.17149999999999999,28.57142857142857,57.14285714285714,14.285714285714285,569,40.642857142857146,mamdani
2025-06-20,12,0.18320833333333333,0.27595000000000003,0.11175,0.8186666666666667,0.06966666666666667,58.333333333333336,25.0,16.666666666666664,599,49.916666666666664,mamdani
2025-06-21,5,-0.06920000000000001,-0.2247,0.122,0.7794000000000001,0.0986,20.0,60.0,20.0,148,29.6,mamdani
2025-06-22,5,0.5154,0.5859,0.2112,0.7572,0.0316,100.0,0.0,0.0,146,29.2,mamdani
2025-06-23,1,0.4404,0.4404,0.162,0.838,0.0,100.0,0.0,0.0,16,16.0,mamdani
2025-06-24,250,-0.024212,0.0,0.095296,0.793472,0.111204,40.400000000000006,42.0,17.599999999999998,9376,37.504,mamdani
2025-06-25,375,0.0344168,0.0,0.12654133333333334,0.7677413333333334,0.10573866666666668,43.733333333333334,38.4,17.866666666666667,12591,33.576,mamdani
2025-06-26,79,0.08813544303797469,0.0,0.12159493670886076,0.7824303797468354,0.09596202531645569,49.36708860759494,32.91139240506329,17.72151898734177,3702,46.860759493670884,mamdani
2025-06-27,626,-0.01648738019169329,0.0,0.1180143769968051,0.7644392971246006,0.11755271565495207,39.456869009584665,42.81150159744409,17.731629392971247,19693,31.45846645367412,mamdani
2025-06-28,335,0.053316417910447764,0.0,0.12214029850746269,0.7760835820895522,0.10178507462686567,45.97014925373134,33.731343283582085,20.298507462686565,11345,33.865671641791046,mamdani
2025-06-29,416,0.06686322115384616,0.0,0.11417788461538461,0.7963677884615384,0.08944711538461539,45.19230769230769,35.09615384615385,19.71153846153846,13573,32.62740384615385,mamdani
2025-06-30,361,0.05617119113573407,0.0,0.1176371191135734,0.7875734072022161,0.09479224376731302,44.32132963988919,35.18005540166205,20.498614958448755,13769,38.14127423822715,mamdani
2025-07-01,343,0.10082798833819241,0.0258,0.1260991253644315,0.7771690962099126,0.09671428571428572,49.56268221574344,34.98542274052478,15.451895043731778,13562,39.53935860058309,mamdani
2025-07-02,350,0.03935314285714286,0.0,0.11840857142857142,0.7652571428571427,0.11633714285714285,43.142857142857146,36.285714285714285,20.57142857142857,11936,34.10285714285714,mamdani
2025-07-03,213,-0.048718309859154936,0.0,0.09708450704225352,0.7977699530516432,0.1051361502347418,37.08920187793427,45.07042253521127,17.84037558685446,7670,36.009389671361504,mamdani
2025-07-04,171,-0.03971637426900585,0.0,0.11356725146198832,0.7692807017543859,0.11717543859649122,39.1812865497076,45.02923976608187,15.789473684210526,5548,32.44444444444444,mamdani
2025-07-05,106,-0.1641075471698113,-0.1361,0.09995283018867925,0.7398490566037736,0.16023584905660376,31.132075471698112,51.886792452830186,16.9811320754717,3451,32.556603773584904,mamdani
2025-07-06,57,-0.13914912280701755,-0.078,0.11791228070175439,0.7201929824561404,0.16189473684210526,29.82456140350877,52.63157894736842,17.543859649122805,1807,31.70175438596491,mamdani
2025-07-07,90,0.026707777777777775,0.0,0.13311111111111112,0.7484777777777778,0.11843333333333333,47.77777777777778,44.44444444444444,7.777777777777778,4034,44.82222222222222,mamdani
2025-07-08,589,-0.03864923599320883,0.0,0.11173853989813241,0.7646910016977929,0.12356876061120543,39.04923599320883,43.12393887945671,17.826825127334462,21607,36.68421052631579,mamdani
2025-07-09,56,0.03394464285714287,0.0,0.10407142857142858,0.7934285714285715,0.10253571428571429,42.857142857142854,35.714285714285715,21.428571428571427,2280,40.714285714285715,mamdani
2025-07-10,42,-0.17406190476190475,-0.22920000000000001,0.07369047619047618,0.7980476190476191,0.12828571428571428,21.428571428571427,57.14285714285714,21.428571428571427,2215,52.73809523809524,mamdani
2025-07-11,13,0.19929230769230769,0.34,0.15115384615384614,0.7684615384615385,0.08038461538461537,53.84615384615385,30.76923076923077,15.384615384615385,611,47.0,mamdani
2025-07-12,108,-0.019303703703703705,0.0,0.10439814814814816,0.7888703703703703,0.10676851851851853,36.11111111111111,41.66666666666667,22.22222222222222,2602,24.09259259259259,mamdani
2025-07-13,134,0.03974104477611941,0.0,0.12891791044776119,0.7515149253731344,0.11961194029850745,45.52238805970149,39.55223880597015,14.925373134328357,3421,25.529850746268657,mamdani
2025-07-14,227,0.027640969162995594,0.0,0.12351541850220264,0.7960484581497798,0.080431718061674,44.052863436123346,37.44493392070485,18.502202643171806,8864,39.048458149779734,mamdani
2025-07-15,38,0.04747368421052632,0.0,0.1272894736842105,0.7727631578947369,0.09994736842105263,47.368421052631575,34.21052631578947,18.421052631578945,1026,27.0,mamdani
2025-07-16,26,-0.022242307692307686,0.0,0.08823076923076924,0.8272307692307692,0.0845,26.923076923076923,34.61538461538461,38.46153846153847,621,23.884615384615383,mamdani
2025-07-17,10,0.15768,0.13705,0.27690000000000003,0.5687,0.15460000000000002,50.0,40.0,10.0,180,18.0,mamdani
2025-07-18,19,0.05252631578947368,0.0,0.09147368421052632,0.8065789473684211,0.10205263157894737,47.368421052631575,26.31578947368421,26.31578947368421,379,19.94736842105263,mamdani
2025-07-19,5,0.2494,0.0,0.0918,0.8884000000000001,0.0198,40.0,0.0,60.0,86,17.2,mamdani
2025-07-20,5,0.46684000000000003,0.5538,0.1924,0.7986,0.009,80.0,0.0,20.0,84,16.8,mamdani
2025-07-23,3,0.2818333333333333,0.5574,0.20633333333333334,0.7683333333333334,0.025333333333333333,66.66666666666666,33.33333333333333,0.0,70,23.333333333333332,mamdani
2025-07-24,7,0.3987428571428571,0.5413,0.17928571428571427,0.7568571428571429,0.06371428571428571,71.42857142857143,28.57142857142857,0.0,369,52.714285714285715,mamdani
2025-07-25,112,0.047419642857142855,0.0,0.08645535714285714,0.837,0.0765982142857143,41.964285714285715,33.92857142857143,24.107142857142858,5671,50.63392857142857,mamdani
2025-07-26,108,0.08041851851851851,0.15395,0.10267592592592593,0.8113888888888888,0.08598148148148148,53.70370370370371,37.96296296296296,8.333333333333332,5687,52.657407407407405,mamdani
2025-07-27,23,0.15579565217391306,0.1901,0.12308695652173914,0.7743913043478261,0.10252173913043479,56.52173913043478,30.434782608695656,13.043478260869565,1098,47.73913043478261,mamdani
2025-07-28,14,-0.16173571428571426,-0.24735,0.09657142857142857,0.8150714285714286,0.08842857142857143,21.428571428571427,57.14285714285714,21.428571428571427,656,46.857142857142854,mamdani
2025-07-29,87,0.05568965517241379,0.0,0.11771264367816092,0.7784022988505748,0.10394252873563217,40.229885057471265,36.7816091954023,22.988505747126435,2639,30.333333333333332,mamdani
2025-07-30,60,0.10782833333333335,0.15525,0.14696666666666666,0.7673333333333333,0.08570000000000001,53.333333333333336,31.666666666666664,15.0,1564,26.066666666666666,mamdani
2025-07-31,14,0.3499,0.43035,0.15185714285714286,0.774,0.07414285714285715,71.42857142857143,7.142857142857142,21.428571428571427,386,27.571428571428573,mamdani
2025-08-01,14,-0.15392142857142854,0.0,0.07635714285714286,0.75,0.17364285714285715,21.428571428571427,42.857142857142854,35.714285714285715,300,21.428571428571427,mamdani
2025-08-02,4,0.489475,0.6936500000000001,0.20099999999999998,0.7535,0.0455,75.0,25.0,0.0,329,82.25,mamdani
2025-08-03,13,-0.18421538461538461,-0.1531,0.08784615384615385,0.7652307692307693,0.1469230769230769,30.76923076923077,61.53846153846154,7.6923076923076925,970,74.61538461538461,mamdani
2025-08-07,24,-0.020941666666666678,-0.051500000000000004,0.11258333333333333,0.7992916666666666,0.08808333333333333,37.5,50.0,12.5,1186,49.416666666666664,mamdani
2025-08-08,3,0.327,0.4475,0.3323333333333333,0.559,0.10833333333333332,66.66666666666666,33.33333333333333,0.0,44,14.666666666666666,mamdani
2025-08-09,70,0.007681428571428569,0.0,0.12165714285714285,0.7657,0.11267142857142856,32.857142857142854,38.57142857142858,28.57142857142857,1878,26.82857142857143,mamdani
2025-08-10,16,0.03578750000000001,0.0,0.0525,0.893125,0.054375,31.25,31.25,37.5,455,28.4375,mamdani
2025-08-11,3,0.11970000000000003,0.3182,0.10533333333333332,0.8176666666666667,0.077,66.66666666666666,33.33333333333333,0.0,53,17.666666666666668,mamdani
2025-08-12,171,0.10677426900584797,0.0,0.11508771929824561,0.8032046783625731,0.08171929824561404,49.122807017543856,34.50292397660819,16.374269005847953,6396,37.40350877192982,mamdani
2025-08-13,91,0.042117582417582414,0.0,0.11267032967032967,0.7913956043956043,0.09591208791208791,40.65934065934066,37.362637362637365,21.978021978021978,3855,42.362637362637365,mamdani
2025-08-14,27,-0.02072222222222222,0.0,0.09896296296296297,0.8088888888888889,0.09222222222222222,37.03703703703704,48.148148148148145,14.814814814814813,1188,44.0,mamdani
2025-08-15,6,0.009016666666666654,0.0,0.10333333333333333,0.7408333333333333,0.156,16.666666666666664,33.33333333333333,50.0,83,13.833333333333334,mamdani
2025-08-19,190,0.000416842105263157,0.0,0.11292631578947368,0.7744421052631579,0.11260526315789474,40.526315789473685,39.473684210526315,20.0,5321,28.00526315789474,mamdani
2025-08-20,83,0.016122891566265056,0.0,0.10846987951807228,0.7860843373493976,0.10548192771084339,45.78313253012048,37.34939759036144,16.867469879518072,3236,38.98795180722892,mamdani
2025-08-21,25,0.17144,0.2023,0.196,0.70596,0.098,52.0,44.0,4.0,825,33.0,mamdani
2025-08-22,15,0.013346666666666663,0.0,0.08460000000000001,0.8238,0.09173333333333335,33.33333333333333,46.666666666666664,20.0,865,57.666666666666664,mamdani
2025-08-24,88,0.08904886363636363,0.0009,0.1285,0.7748295454545455,0.09664772727272729,45.45454545454545,31.818181818181817,22.727272727272727,2954,33.56818181818182,mamdani
2025-08-25,35,0.04723714285714285,0.0,0.10311428571428571,0.8232857142857143,0.07365714285714285,37.142857142857146,37.142857142857146,25.71428571428571,897,25.62857142857143,mamdani
2025-08-26,3,-0.2034,0.0,0.10033333333333333,0.682,0.21766666666666667,33.33333333333333,33.33333333333333,33.33333333333333,32,10.666666666666666,mamdani
2025-08-28,2,-0.009800000000000003,-0.009800000000000003,0.086,0.8225,0.0915,50.0,50.0,0.0,34,17.0,mamdani
2025-08-29,203,0.06513251231527094,0.0,0.12629556650246304,0.7542068965517242,0.1195270935960591,46.30541871921182,36.45320197044335,17.24137931034483,4782,23.55665024630542,mamdani
2025-08-30,77,0.0813961038961039,0.0516,0.1237012987012987,0.7723636363636364,0.10393506493506494,50.649350649350644,33.76623376623377,15.584415584415584,2097,27.233766233766232,mamdani
2025-08-31,34,0.061114705882352946,0.0,0.14158823529411765,0.7446764705882353,0.11376470588235293,47.05882352941176,41.17647058823529,11.76470588235294,827,24.323529411764707,mamdani
2025-09-01,110,0.04312272727272727,0.0,0.12263636363636364,0.7782727272727272,0.0991,45.45454545454545,41.81818181818181,12.727272727272727,3843,34.93636363636364,mamdani
2025-09-02,90,-0.09072555555555556,-0.0129,0.09906666666666666,0.7976888888888889,0.10324444444444444,36.666666666666664,48.888888888888886,14.444444444444443,4281,47.56666666666667,mamdani
2025-09-03,9,0.14624444444444445,0.0,0.11744444444444443,0.8038888888888889,0.07866666666666666,44.44444444444444,22.22222222222222,33.33333333333333,220,24.444444444444443,mamdani
2025-09-04,12,-0.28673333333333334,-0.29675,0.0765,0.819,0.1045,16.666666666666664,66.66666666666666,16.666666666666664,852,71.0,mamdani
2025-09-05,21,0.05965238095238095,0.0,0.11319047619047617,0.8087142857142857,0.07814285714285714,47.61904761904761,33.33333333333333,19.047619047619047,793,37.76190476190476,mamdani
2025-09-06,26,0.2787423076923077,0.5316,0.1326923076923077,0.7876923076923077,0.07957692307692307,57.692307692307686,34.61538461538461,7.6923076923076925,2205,84.8076923076923,mamdani
2025-09-07,4,0.84485,0.85755,0.193,0.75325,0.054,100.0,0.0,0.0,730,182.5,mamdani
2025-09-08,4,0.008975000000000004,0.12085,0.149,0.7585,0.0925,50.0,25.0,25.0,122,30.5,mamdani
2025-09-09,22,-0.005099999999999999,0.017,0.1275909090909091,0.7440909090909091,0.1285,45.45454545454545,40.909090909090914,13.636363636363635,1027,46.68181818181818,mamdani
2025-09-10,171,0.11309999999999999,0.0,0.14276023391812864,0.7768538011695907,0.0803859649122807,46.783625730994146,29.82456140350877,23.391812865497073,4863,28.43859649122807,mamdani
2025-09-11,29,0.07421379310344826,0.049,0.13286206896551722,0.7502413793103448,0.11686206896551725,48.275862068965516,31.03448275862069,20.689655172413794,1114,38.41379310344828,mamdani
2025-09-12,10,0.20637,0.33694999999999997,0.145,0.7617,0.09309999999999999,70.0,20.0,10.0,405,40.5,mamdani
2025-09-13,12,-0.111225,-0.17955000000000002,0.09258333333333334,0.7893333333333333,0.11808333333333333,33.33333333333333,50.0,16.666666666666664,383,31.916666666666668,mamdani
2025-09-14,11,0.12405454545454543,0.2023,0.15227272727272728,0.7929999999999999,0.054636363636363636,63.63636363636363,27.27272727272727,9.090909090909092,346,31.454545454545453,mamdani
2025-09-15,226,0.08272079646017699,0.0,0.1168938053097345,0.790933628318584,0.0922079646017699,47.34513274336283,32.30088495575221,20.353982300884958,6856,30.336283185840706,mamdani
2025-09-16,138,0.1496949275362319,0.01495,0.12109420289855072,0.7940652173913044,0.08484057971014493,48.55072463768116,27.536231884057973,23.91304347826087,4361,31.60144927536232,mamdani
2025-09-17,31,0.2280806451612903,0.2244,0.1457741935483871,0.7831935483870968,0.07103225806451613,54.83870967741935,16.129032258064516,29.03225806451613,899,29.0,mamdani
2025-09-18,46,0.21457173913043479,0.35855000000000004,0.1496086956521739,0.7905217391304348,0.059826086956521744,58.69565217391305,23.91304347826087,17.391304347826086,1467,31.891304347826086,mamdani
2025-09-19,38,0.23818684210526317,0.23815,0.1365,0.7904736842105263,0.07305263157894737,65.78947368421053,15.789473684210526,18.421052631578945,1102,29.0,mamdani
2025-09-20,45,0.034748888888888885,0.0,0.0988,0.8169111111111111,0.08435555555555556,44.44444444444444,40.0,15.555555555555555,1754,38.977777777777774,mamdani
2025-09-21,175,0.035912571428571426,0.0,0.12962857142857143,0.7551714285714286,0.11523428571428572,44.0,37.142857142857146,18.857142857142858,5503,31.445714285714285,mamdani
2025-09-22,18,-0.0673,0.0,0.1363888888888889,0.7238333333333333,0.13972222222222222,44.44444444444444,44.44444444444444,11.11111111111111,367,20.38888888888889,mamdani
2025-09-23,112,0.21060892857142857,0.25,0.1316875,0.7846517857142857,0.08367857142857142,60.71428571428571,24.107142857142858,15.178571428571427,4475,39.955357142857146,mamdani
2025-09-24,184,0.12547445652173914,0.0,0.11884782608695652,0.7916358695652174,0.08948913043478261,47.82608695652174,32.065217391304344,20.108695652173914,7726,41.98913043478261,mamdani
2025-09-25,47,0.11137234042553193,0.0,0.11285106382978724,0.7694893617021276,0.11757446808510638,46.808510638297875,38.297872340425535,14.893617021276595,3075,65.42553191489361,mamdani
2025-09-26,11,-0.07929090909090909,-0.0451,0.11781818181818182,0.7124545454545455,0.1698181818181818,45.45454545454545,45.45454545454545,9.090909090909092,267,24.272727272727273,mamdani
2025-09-27,165,0.06811515151515152,0.0,0.1269030303030303,0.7691030303030303,0.104,43.63636363636363,35.75757575757576,20.606060606060606,5034,30.509090909090908,mamdani
2025-09-28,305,0.12214557377049179,0.0,0.12747868852459016,0.7927901639344261,0.07971147540983607,48.85245901639344,27.21311475409836,23.934426229508198,8273,27.124590163934425,mamdani
2025-09-29,116,0.0017672413793103497,0.0,0.12132758620689656,0.773844827586207,0.10489655172413792,41.37931034482759,41.37931034482759,17.24137931034483,3403,29.336206896551722,mamdani
2025-09-30,56,-0.07606785714285713,0.0,0.08692857142857144,0.7925000000000001,0.12058928571428572,33.92857142857143,42.857142857142854,23.214285714285715,1404,25.071428571428573,mamdani
2025-10-01,9,0.3365777777777778,0.5251,0.17366666666666666,0.759888888888889,0.06644444444444444,55.55555555555556,22.22222222222222,22.22222222222222,213,23.666666666666668,mamdani
2025-10-02,166,0.07908072289156626,0.0,0.10162048192771084,0.8105602409638554,0.08781927710843374,40.36144578313253,32.53012048192771,27.10843373493976,5100,30.72289156626506,mamdani
2025-10-03,77,0.06331948051948053,0.0,0.10367532467532467,0.8045324675324675,0.09177922077922078,46.75324675324675,37.66233766233766,15.584415584415584,5060,65.71428571428571,mamdani
2025-10-04,1,0.4559,0.4559,0.313,0.523,0.164,100.0,0.0,0.0,7,7.0,mamdani
2025-10-05,5,-0.33802,-0.3818,0.023,0.8896000000000001,0.0876,0.0,60.0,40.0,243,48.6,mamdani
2025-10-06,157,0.006963694267515922,0.0,0.1007452229299363,0.8086815286624204,0.09055414012738854,36.30573248407643,37.57961783439491,26.11464968152866,3828,24.38216560509554,mamdani
2025-10-07,84,0.04341428571428571,0.0884,0.13051190476190477,0.7673690476190477,0.10216666666666667,52.38095238095239,34.523809523809526,13.095238095238097,2531,30.13095238095238,mamdani
2025-10-08,116,0.09986810344827586,0.0129,0.1170948275862069,0.8053017241379311,0.0775948275862069,49.137931034482754,34.48275862068966,16.379310344827587,4422,38.12068965517241,mamdani
2025-10-09,13,-0.25804615384615387,-0.3384,0.10423076923076922,0.7656923076923078,0.13023076923076923,23.076923076923077,53.84615384615385,23.076923076923077,730,56.15384615384615,mamdani
2025-10-10,25,0.11014800000000001,0.0,0.10088,0.81304,0.08608,48.0,28.000000000000004,24.0,1178,47.12,mamdani
2025-10-11,3,0.31216666666666665,0.4426,0.21033333333333334,0.7896666666666666,0.0,66.66666666666666,0.0,33.33333333333333,65,21.666666666666668,mamdani
2025-10-12,100,0.133675,0.0,0.11452999999999999,0.79259,0.09292,48.0,26.0,26.0,3095,30.95,mamdani
2025-10-13,22,0.1928409090909091,0.2294,0.1281818181818182,0.7850909090909091,0.08677272727272728,50.0,36.36363636363637,13.636363636363635,1546,70.27272727272727,mamdani
2025-10-14,120,-0.16024249999999998,0.0,0.10926666666666666,0.7562333333333334,0.13446666666666665,34.166666666666664,47.5,18.333333333333332,5216,43.46666666666667,mamdani
2025-10-15,173,0.2497693641618497,0.3182,0.1356242774566474,0.7886763005780347,0.07572254335260116,59.53757225433526,27.74566473988439,12.716763005780345,12370,71.5028901734104,mamdani
2025-10-16,23,0.2595391304347826,0.0772,0.13647826086956522,0.8063478260869565,0.057173913043478256,52.17391304347826,21.73913043478261,26.08695652173913,785,34.130434782608695,mamdani
2025-10-17,27,0.01348888888888888,0.0,0.14025925925925925,0.7496296296296295,0.11018518518518519,37.03703703703704,48.148148148148145,14.814814814814813,1282,47.48148148148148,mamdani
2025-10-18,5,-0.17248000000000002,-0.128,0.0816,0.783,0.1356,20.0,60.0,20.0,150,30.0,mamdani
2025-10-20,26,-0.00849615384615384,0.0,0.12623076923076923,0.772576923076923,0.10115384615384615,30.76923076923077,38.46153846153847,30.76923076923077,579,22.26923076923077,mamdani
2025-10-21,364,0.014341758241758241,0.0,0.1008021978021978,0.8011373626373626,0.09806593406593406,39.56043956043956,39.010989010989015,21.428571428571427,13345,36.66208791208791,mamdani
2025-10-22,60,0.18056,0.3071,0.13861666666666667,0.7862833333333333,0.07508333333333334,56.666666666666664,23.333333333333332,20.0,1707,28.45,mamdani
2025-10-23,71,0.06057042253521128,0.0,0.14314084507042255,0.7522957746478873,0.10456338028169014,43.66197183098591,39.436619718309856,16.901408450704224,1960,27.6056338028169,mamdani
2025-10-24,270,0.08494777777777777,0.0,0.11863333333333333,0.7842703703703703,0.0971111111111111,48.888888888888886,37.407407407407405,13.703703703703704,11752,43.525925925925925,mamdani
2025-10-25,105,0.14706857142857144,0.0387,0.11759047619047619,0.7860761904761905,0.09631428571428571,49.523809523809526,31.428571428571427,19.047619047619047,4845,46.142857142857146,mamdani
2025-10-26,36,0.08021111111111111,0.09995,0.14072222222222222,0.7511944444444444,0.10816666666666667,50.0,44.44444444444444,5.555555555555555,1771,49.19444444444444,mamdani
2025-10-27,56,-0.005223214285714285,0.0,0.07691071428571429,0.8276071428571428,0.09551785714285714,32.142857142857146,39.285714285714285,28.57142857142857,1617,28.875,mamdani
2025-10-28,66,0.09676363636363637,0.0772,0.10775757575757576,0.8097727272727273,0.08243939393939394,53.03030303030303,28.78787878787879,18.181818181818183,2113,32.015151515151516,mamdani
2025-10-29,56,-0.0024571428571428583,0.0,0.11732142857142858,0.762125,0.12055357142857141,42.857142857142854,44.642857142857146,12.5,2224,39.714285714285715,mamdani
2025-10-30,376,0.03434973404255319,0.0,0.11922606382978723,0.7795851063829787,0.10117021276595745,45.21276595744681,37.765957446808514,17.02127659574468,16819,44.7313829787234,mamdani
2025-10-31,38,0.12744473684210528,0.0767,0.0991578947368421,0.8246578947368421,0.07621052631578946,52.63157894736842,18.421052631578945,28.947368421052634,762,20.05263157894737,mamdani
2024-11-15,1,0.9034,0.9034,0.056,0.914,0.03,100.0,0.0,0.0,447,447.0,sliwa
2025-02-04,1,0.7753,0.7753,0.133,0.757,0.11,100.0,0.0,0.0,319,319.0,sliwa
2025-02-11,1,0.8978,0.8978,0.129,0.794,0.077,100.0,0.0,0.0,347,347.0,sliwa
2025-02-14,2,0.48125,0.48125,0.0775,0.8805000000000001,0.042,50.0,0.0,50.0,384,192.0,sliwa
2025-02-15,1,-0.8948,-0.8948,0.034,0.738,0.228,0.0,100.0,0.0,47,47.0,sliwa
2025-02-27,2,0.5517,0.5517,0.2395,0.7235,0.037,100.0,0.0,0.0,49,24.5,sliwa
2025-03-01,1,-0.872,-0.872,0.16,0.415,0.424,0.0,100.0,0.0,19,19.0,sliwa
2025-03-02,2,0.5388999999999999,0.5388999999999999,0.17149999999999999,0.759,0.0695,100.0,0.0,0.0,94,47.0,sliwa
2025-03-13,2,-0.148,-0.148,0.0,0.902,0.098,0.0,50.0,50.0,18,9.0,sliwa
2025-03-22,1,-0.9611,-0.9611,0.0,0.738,0.262,0.0,100.0,0.0,59,59.0,sliwa
2025-03-24,1,0.9669,0.9669,0.116,0.839,0.045,100.0,0.0,0.0,258,258.0,sliwa
2025-03-27,1,0.8126,0.8126,0.193,0.762,0.044,100.0,0.0,0.0,48,48.0,sliwa
2025-03-28,1,-0.1806,-0.1806,0.089,0.825,0.085,0.0,100.0,0.0,595,595.0,sliwa
2025-03-29,1,-0.9186,-0.9186,0.016,0.867,0.117,0.0,100.0,0.0,164,164.0,sliwa
2025-04-04,1,-0.9421,-0.9421,0.074,0.641,0.286,0.0,100.0,0.0,55,55.0,sliwa
2025-04-05,1,0.0,0.0,0.0,1.0,0.0,0.0,0.0,100.0,7,7.0,sliwa
2025-04-09,1,-0.4116,-0.4116,0.109,0.741,0.15,0.0,100.0,0.0,60,60.0,sliwa
2025-04-17,1,-0.9284,-0.9284,0.055,0.821,0.123,0.0,100.0,0.0,189,189.0,sliwa
2025-04-28,4,-0.133975,-0.27495,0.056,0.88025,0.06375,25.0,50.0,25.0,115,28.75,sliwa
2025-05-12,2,0.26639999999999997,0.26639999999999997,0.1585,0.788,0.053,50.0,50.0,0.0,42,21.0,sliwa
2025-05-13,3,-0.06363333333333336,0.0,0.026333333333333334,0.953,0.020666666666666667,33.33333333333333,33.33333333333333,33.33333333333333,135,45.0,sliwa
2025-05-29,1,0.0,0.0,0.0,1.0,0.0,0.0,0.0,100.0,5,5.0,sliwa
2025-05-30,1,0.0,0.0,0.0,1.0,0.0,0.0,0.0,100.0,3,3.0,sliwa
2025-06-01,1,0.5267,0.5267,0.19,0.733,0.077,100.0,0.0,0.0,25,25.0,sliwa
2025-06-04,4,0.013325000000000004,0.03510000000000002,0.07625,0.778,0.14575,50.0,50.0,0.0,110,27.5,sliwa
2025-06-06,1,0.0,0.0,0.0,1.0,0.0,0.0,0.0,100.0,6,6.0,sliwa
2025-06-16,1,0.4404,0.4404,0.094,0.857,0.05,100.0,0.0,0.0,87,87.0,sliwa
2025-06-25,5,0.40793999999999997,0.7389,0.1286,0.7986,0.0728,80.0,20.0,0.0,196,39.2,sliwa
2025-06-26,1,0.7424,0.7424,0.138,0.83,0.032,100.0,0.0,0.0,63,63.0,sliwa
2025-07-01,1,0.5606,0.5606,0.123,0.877,0.0,100.0,0.0,0.0,36,36.0,sliwa
2025-07-02,3,0.20953333333333335,0.2023,0.11633333333333333,0.7946666666666666,0.08966666666666667,66.66666666666666,33.33333333333333,0.0,206,68.66666666666667,sliwa
2025-07-03,3,-0.23296666666666666,-0.7269,0.07233333333333333,0.8850000000000001,0.043000000000000003,33.33333333333333,66.66666666666666,0.0,709,236.33333333333334,sliwa
2025-07-08,4,-0.060725,-0.1139,0.07825,0.802,0.1195,50.0,50.0,0.0,727,181.75,sliwa
2025-07-14,4,0.052474999999999966,0.0814,0.1185,0.8185,0.063,50.0,50.0,0.0,155,38.75,sliwa
2025-07-15,2,0.11315,0.11315,0.0735,0.9265,0.0,50.0,0.0,50.0,32,16.0,sliwa
2025-07-29,86,0.048496511627906976,0.0,0.11719767441860465,0.7788023255813954,0.10405813953488371,39.53488372093023,37.2093023255814,23.25581395348837,2596,30.186046511627907,sliwa
2025-07-30,54,0.11877407407407407,0.15525,0.1467037037037037,0.7763703703703704,0.07692592592592593,53.70370370370371,29.629629629629626,16.666666666666664,1393,25.796296296296298,sliwa
2025-07-31,14,0.3499,0.43035,0.15185714285714286,0.774,0.07414285714285715,71.42857142857143,7.142857142857142,21.428571428571427,386,27.571428571428573,sliwa
2025-08-01,14,-0.15392142857142854,0.0,0.07635714285714286,0.75,0.17364285714285715,21.428571428571427,42.857142857142854,35.714285714285715,300,21.428571428571427,sliwa
2025-08-02,4,0.489475,0.6936500000000001,0.20099999999999998,0.7535,0.0455,75.0,25.0,0.0,329,82.25,sliwa
2025-08-03,2,0.24774999999999997,0.24774999999999997,0.08,0.8845000000000001,0.0355,50.0,50.0,0.0,90,45.0,sliwa
2025-08-05,1,0.0,0.0,0.0,1.0,0.0,0.0,0.0,100.0,25,25.0,sliwa
2025-08-07,10,-0.16791000000000003,-0.4767,0.1045,0.7545,0.1411,40.0,60.0,0.0,569,56.9,sliwa
2025-08-09,1,0.4019,0.4019,0.078,0.922,0.0,100.0,0.0,0.0,36,36.0,sliwa
2025-08-12,170,0.10952705882352942,0.01535,0.11576470588235294,0.8043117647058824,0.07993529411764706,49.411764705882355,34.11764705882353,16.470588235294116,6390,37.588235294117645,sliwa
2025-08-13,92,0.05228695652173913,0.0,0.11432608695652174,0.7900326086956523,0.09561956521739132,41.30434782608695,36.95652173913043,21.73913043478261,3947,42.90217391304348,sliwa
2025-08-14,24,-0.06135833333333333,-0.0386,0.10149999999999999,0.8115833333333334,0.08700000000000001,33.33333333333333,50.0,16.666666666666664,924,38.5,sliwa
2025-08-15,6,0.009016666666666654,0.0,0.10333333333333333,0.7408333333333333,0.156,16.666666666666664,33.33333333333333,50.0,83,13.833333333333334,sliwa
2025-08-24,3,0.2579,0.6124,0.18299999999999997,0.766,0.051333333333333335,66.66666666666666,33.33333333333333,0.0,185,61.666666666666664,sliwa
2025-08-25,1,0.8462,0.8462,0.337,0.663,0.0,100.0,0.0,0.0,19,19.0,sliwa
2025-09-01,88,-0.032443181818181815,0.0,0.10509090909090908,0.7956363636363637,0.09927272727272728,38.63636363636363,46.590909090909086,14.772727272727273,3339,37.94318181818182,sliwa
2025-09-02,69,-0.0922159420289855,-0.0258,0.09684057971014493,0.8066086956521739,0.09655072463768116,40.57971014492754,49.275362318840585,10.144927536231885,3963,57.43478260869565,sliwa
2025-09-03,1,0.7902,0.7902,0.07,0.913,0.017,100.0,0.0,0.0,126,126.0,sliwa
2025-09-04,9,-0.44891111111111104,-0.5478,0.07322222222222223,0.7874444444444444,0.13933333333333334,11.11111111111111,88.88888888888889,0.0,816,90.66666666666667,sliwa
2025-09-05,9,0.3470111111111111,0.486,0.14633333333333332,0.7881111111111111,0.06566666666666666,77.77777777777779,11.11111111111111,11.11111111111111,454,50.44444444444444,sliwa
2025-09-06,7,0.5508285714285714,0.5719,0.16157142857142856,0.8105714285714286,0.027714285714285716,85.71428571428571,0.0,14.285714285714285,209,29.857142857142858,sliwa
2025-09-07,1,0.7579,0.7579,0.377,0.546,0.077,100.0,0.0,0.0,13,13.0,sliwa
2025-09-08,2,-0.10289999999999999,-0.10289999999999999,0.231,0.6415,0.1275,50.0,50.0,0.0,39,19.5,sliwa
2025-09-09,2,-0.7585500000000001,-0.7585500000000001,0.047,0.7709999999999999,0.1825,0.0,100.0,0.0,160,80.0,sliwa
2025-09-10,4,0.41185,0.40615,0.24875,0.666,0.08499999999999999,100.0,0.0,0.0,72,18.0,sliwa
2025-09-12,1,0.1901,0.1901,0.113,0.799,0.088,100.0,0.0,0.0,29,29.0,sliwa
2025-09-13,8,0.176375,0.5024,0.197625,0.7055,0.09687499999999999,62.5,25.0,12.5,179,22.375,sliwa
2025-09-15,5,0.12110000000000001,0.1102,0.11939999999999999,0.8058,0.0748,60.0,20.0,20.0,143,28.6,sliwa
2025-09-16,27,0.052470370370370376,0.0,0.08781481481481482,0.8564074074074074,0.055851851851851854,29.629629629629626,25.925925925925924,44.44444444444444,612,22.666666666666668,sliwa
2025-09-17,2,-0.026500000000000024,-0.026500000000000024,0.126,0.6485000000000001,0.2255,50.0,50.0,0.0,18,9.0,sliwa
2025-09-18,13,0.23038461538461538,0.4404,0.15584615384615383,0.8003846153846154,0.04376923076923077,53.84615384615385,30.76923076923077,15.384615384615385,523,40.23076923076923,sliwa
2025-09-23,5,0.36566,0.0772,0.2234,0.711,0.0654,60.0,0.0,40.0,86,17.2,sliwa
2025-09-24,37,0.11428108108108108,0.0,0.0764054054054054,0.8792702702702703,0.0442972972972973,40.54054054054054,18.91891891891892,40.54054054054054,1160,31.35135135135135,sliwa
2025-09-25,43,0.05329767441860466,0.0,0.11362790697674419,0.8003488372093023,0.08597674418604652,44.18604651162791,25.581395348837212,30.23255813953488,1103,25.651162790697676,sliwa
2025-09-26,6,-0.25855,-0.39994999999999997,0.16466666666666666,0.6765,0.15883333333333333,33.33333333333333,66.66666666666666,0.0,178,29.666666666666668,sliwa
2025-09-27,1,0.0516,0.0516,0.176,0.65,0.174,100.0,0.0,0.0,69,69.0,sliwa
2025-09-28,14,0.0399357142857143,0.0,0.06207142857142857,0.8760714285714286,0.061857142857142854,42.857142857142854,21.428571428571427,35.714285714285715,284,20.285714285714285,sliwa
2025-09-29,5,0.10297999999999999,0.3071,0.1234,0.728,0.1488,60.0,40.0,0.0,133,26.6,sliwa
2025-09-30,1,-0.1419,-0.1419,0.0,0.961,0.039,0.0,100.0,0.0,38,38.0,sliwa
2025-10-01,2,0.4846,0.4846,0.0765,0.888,0.0355,50.0,0.0,50.0,228,114.0,sliwa
2025-10-15,2,-0.008950000000000014,-0.008950000000000014,0.0765,0.8015,0.122,50.0,50.0,0.0,114,57.0,sliwa
2025-10-17,9,-0.1648,-0.1027,0.09233333333333334,0.8028888888888889,0.10477777777777779,22.22222222222222,55.55555555555556,22.22222222222222,353,39.22222222222222,sliwa
2025-10-18,2,-0.8032,-0.8032,0.035,0.7055,0.26,0.0,100.0,0.0,64,32.0,sliwa
2025-10-21,556,0.055987769784172664,0.0,0.10894064748201439,0.7955737410071942,0.09550359712230216,43.16546762589928,35.431654676258994,21.402877697841728,17598,31.651079136690647,sliwa
2025-10-22,114,0.06735877192982456,0.0,0.11371052631578947,0.7964736842105263,0.08985087719298246,44.73684210526316,29.82456140350877,25.438596491228072,3141,27.55263157894737,sliwa
2025-10-23,45,0.10211333333333335,0.0,0.16482222222222223,0.7554444444444444,0.07975555555555555,42.22222222222222,28.888888888888886,28.888888888888886,1040,23.11111111111111,sliwa
2025-10-24,68,0.07746176470588235,0.0,0.09561764705882353,0.8091911764705882,0.09522058823529413,44.11764705882353,38.23529411764706,17.647058823529413,3696,54.35294117647059,sliwa
2025-10-25,72,0.15671666666666667,0.03225,0.11838888888888888,0.8081388888888889,0.07352777777777779,48.61111111111111,22.22222222222222,29.166666666666668,1885,26.180555555555557,sliwa
2025-10-26,24,0.15272916666666667,0.0129,0.14183333333333334,0.7779166666666667,0.08025,45.83333333333333,25.0,29.166666666666668,536,22.333333333333332,sliwa
2025-10-27,31,0.07381935483870969,0.0,0.09251612903225806,0.818483870967742,0.089,48.38709677419355,25.806451612903224,25.806451612903224,1196,38.58064516129032,sliwa
2025-10-28,43,0.043902325581395334,0.0258,0.09444186046511628,0.8147209302325582,0.0908139534883721,48.837209302325576,32.55813953488372,18.6046511627907,1339,31.13953488372093,sliwa
2025-10-29,8,0.06505,0.0,0.11025,0.814125,0.075375,37.5,25.0,37.5,279,34.875,sliwa
2025-10-30,147,0.09179455782312926,0.0,0.10968027210884354,0.7952380952380953,0.09507482993197278,48.97959183673469,31.97278911564626,19.047619047619047,7113,48.38775510204081,sliwa
2025-10-31,11,0.21967272727272727,0.4019,0.12590909090909091,0.7556363636363636,0.11845454545454545,72.72727272727273,18.181818181818183,9.090909090909092,322,29.272727272727273,sliwa
