hour,n_comments,mean_compound,median_compound,mean_pos,mean_neu,mean_neg,pct_positive,pct_negative,pct_neutral,total_words,mean_words
2025-06-24 16:00:00,1,-0.9118,-0.9118,0.064,0.83,0.106,0.0,100.0,0.0,185,185.0
2025-06-25 01:00:00,1,0.3182,0.3182,0.084,0.916,0.0,100.0,0.0,0.0,25,25.0
2025-06-25 03:00:00,26,-0.006338461538461543,0.0,0.10842307692307693,0.8098461538461539,0.08173076923076923,30.76923076923077,34.61538461538461,34.61538461538461,581,22.346153846153847
2025-06-25 04:00:00,6,0.14763333333333334,0.1435,0.15,0.7496666666666667,0.10049999999999999,50.0,33.33333333333333,16.666666666666664,295,49.166666666666664
2025-06-25 07:00:00,2,-0.3592,-0.3592,0.0,0.8,0.2,0.0,50.0,50.0,15,7.5
2025-06-25 09:00:00,2,-0.45420000000000005,-0.45420000000000005,0.073,0.519,0.4075,0.0,100.0,0.0,18,9.0
2025-06-25 11:00:00,2,0.05435000000000004,0.05435000000000004,0.16,0.7895,0.0505,50.0,50.0,0.0,61,30.5
2025-06-25 12:00:00,1,0.6486,0.6486,0.164,0.836,0.0,100.0,0.0,0.0,31,31.0
2025-06-25 13:00:00,3,-0.3465666666666667,-0.1396,0.046000000000000006,0.819,0.135,0.0,66.66666666666666,33.33333333333333,62,20.666666666666668
2025-06-25 14:00:00,8,0.17785,0.4939,0.236375,0.68875,0.074625,62.5,25.0,12.5,630,78.75
2025-06-25 15:00:00,1,-0.7096,-0.7096,0.061,0.733,0.205,0.0,100.0,0.0,34,34.0
2025-06-25 17:00:00,6,-0.1736,-0.26955,0.1691666666666667,0.6635,0.16733333333333333,33.33333333333333,66.66666666666666,0.0,139,23.166666666666668
2025-06-25 18:00:00,3,0.44893333333333335,0.6284,0.07133333333333333,0.884,0.04466666666666667,66.66666666666666,0.0,33.33333333333333,281,93.66666666666667
2025-06-25 22:00:00,1,0.2732,0.2732,0.244,0.554,0.203,100.0,0.0,0.0,19,19.0
2025-06-25 23:00:00,7,-0.10794285714285713,0.0,0.05171428571428571,0.8601428571428571,0.08814285714285715,42.857142857142854,28.57142857142857,28.57142857142857,148,21.142857142857142
2025-11-03 23:00:00,24,0.16781666666666664,0.07655,0.07804166666666666,0.8785416666666667,0.04345833333333333,50.0,8.333333333333332,41.66666666666667,899,37.458333333333336
2025-11-04 00:00:00,21,0.16451428571428572,0.3071,0.11423809523809524,0.8162857142857143,0.06947619047619048,52.38095238095239,23.809523809523807,23.809523809523807,580,27.61904761904762
2025-11-04 01:00:00,6,-0.08986666666666666,0.0,0.12316666666666666,0.7806666666666667,0.09633333333333333,33.33333333333333,33.33333333333333,33.33333333333333,267,44.5
2025-11-04 02:00:00,2,0.35364999999999996,0.35364999999999996,0.16399999999999998,0.737,0.0995,50.0,50.0,0.0,62,31.0
2025-11-04 03:00:00,1,-0.6808,-0.6808,0.0,0.797,0.203,0.0,100.0,0.0,24,24.0
2025-11-04 04:00:00,3,0.6568666666666666,0.6597,0.21066666666666667,0.755,0.034333333333333334,100.0,0.0,0.0,142,47.333333333333336
2025-11-04 05:00:00,2,0.4726,0.4726,0.0995,0.8785,0.0225,50.0,0.0,50.0,155,77.5
2025-11-04 12:00:00,1,-0.4696,-0.4696,0.092,0.758,0.149,0.0,100.0,0.0,47,47.0
2025-11-04 13:00:00,17,-0.44228823529411765,-0.507,0.05488235294117647,0.8201764705882353,0.1251764705882353,11.76470588235294,76.47058823529412,11.76470588235294,1151,67.70588235294117
2025-11-04 14:00:00,6,0.25096666666666667,0.2683,0.12983333333333333,0.779,0.09133333333333334,66.66666666666666,33.33333333333333,0.0,462,77.0
2025-11-04 15:00:00,3,-0.10363333333333334,-0.1531,0.10433333333333333,0.8380000000000001,0.057666666666666665,33.33333333333333,66.66666666666666,0.0,78,26.0
2025-11-04 16:00:00,9,0.13972222222222222,0.0,0.1071111111111111,0.8507777777777777,0.042,33.33333333333333,33.33333333333333,33.33333333333333,298,33.111111111111114
2025-11-04 17:00:00,2,-0.36024999999999996,-0.36024999999999996,0.0,0.7855000000000001,0.2145,0.0,100.0,0.0,29,14.5
2025-11-05 02:00:00,1,-0.6476,-0.6476,0.176,0.378,0.446,0.0,100.0,0.0,9,9.0
2025-11-05 04:00:00,1,0.9169,0.9169,0.332,0.668,0.0,100.0,0.0,0.0,35,35.0
2025-11-05 07:00:00,1,0.4767,0.4767,0.508,0.492,0.0,100.0,0.0,0.0,4,4.0
2025-11-05 08:00:00,2,0.3679,0.3679,0.2885,0.513,0.1985,100.0,0.0,0.0,27,13.5
2025-11-05 14:00:00,1,0.4215,0.4215,0.267,0.542,0.192,100.0,0.0,0.0,18,18.0
2025-11-05 16:00:00,1,0.7351,0.7351,0.154,0.795,0.051,100.0,0.0,0.0,52,52.0
