subreddit,candidate,y,term,coef,stderr,tstat,pvalue
conservative,sliwa,price_change,const,-1.8979551393135173e-05,2.2993935079412015e-05,-0.8254155422978826,0.4091963893769275
conservative,sliwa,price_change,price_change_lag1,-0.18186752726508532,0.017559033747713643,-10.357490615835637,9.36482062675682e-25
conservative,sliwa,price_change,price_change_lag2,-0.06111687787445287,0.017763867826392173,-3.4405163600491426,0.0005879345764080363
conservative,sliwa,price_change,price_change_lag3,-0.07962471164568123,0.017770048976426957,-4.4808380523491085,7.691875108081124e-06
conservative,sliwa,price_change,price_change_lag4,0.0018628360916212415,0.01751923892447577,0.10633087999152242,0.9153264043492342
conservative,sliwa,price_change,mean_compound_lag1,0.00035735637634371853,0.0003589789719495873,0.9954799703251236,0.319577104924667
conservative,sliwa,price_change,mean_compound_lag2,0.0005840981622118927,0.00027656967073444753,2.1119385963789328,0.034767946557791814
conservative,sliwa,price_change,mean_compound_lag3,0.0006640414064946056,0.00027680380369269974,2.3989605548621973,0.01649777552362258
conservative,sliwa,price_change,mean_compound_lag4,0.0006714827358285972,0.0004175311021005316,1.6082220760333203,0.10788383036083334
conservative,sliwa,price_change,sentiment_change_lag1,-0.0002267417858667964,0.00026351644257480725,-0.8604464436879636,0.38960656067352817
conservative,sliwa,price_change,sentiment_change_lag2,-7.994324428201325e-05,0.0002620714535722905,-0.3050436939708944,0.7603524376113386
conservative,sliwa,price_change,sentiment_change_lag3,-7.441329335156164e-06,0.0003064584336475794,-0.0242816921257045,0.9806294093786578
conservative,sliwa,price_change,sentiment_change_lag4,-0.0010096367546038759,0.0005012756939945431,-2.014134670201797,0.04407776899042534
conservative,sliwa,price_change,n_comments_lag1,-0.0003929934204648347,0.0002460495267991828,-1.597212665178513,0.11031567702620158
conservative,sliwa,price_change,n_comments_lag2,0.00031961294647835884,0.00026760442953418844,1.1943484905489052,0.2324289702596596
conservative,sliwa,price_change,n_comments_lag3,0.00018767373349759008,0.00026359075748262986,0.7119890518542078,0.4765227387787161
conservative,sliwa,price_change,n_comments_lag4,-0.0003130122891935181,0.0002570419391277289,-1.217747929601389,0.22340831681772033
conservative,sliwa,price_change,log_comments_change_lag1,0.0010307378564106753,0.0006722330137984401,1.5333044275622678,0.12529834724175712
conservative,sliwa,price_change,log_comments_change_lag2,-0.0002476797163321477,0.0007211804681093563,-0.34343652842049893,0.7312923316468225
conservative,sliwa,price_change,log_comments_change_lag3,-0.0014511352296068382,0.0006649905919686574,-2.18218911234647,0.029167063830253144
conservative,sliwa,price_change,log_comments_change_lag4,0.0010436769688636476,0.00034247364677962377,3.0474665092559277,0.0023263783694284284
conservative,sliwa,log_volume_change,const,0.0035460173083688845,0.060112816677048674,0.05898937205720338,0.9529642054880347
conservative,sliwa,log_volume_change,log_volume_change_lag1,-0.7208736791935321,0.017415054901290337,-41.39370695524596,4.22103489577789e-301
conservative,sliwa,log_volume_change,log_volume_change_lag2,-0.46521364707019963,0.02098060816945862,-22.1735062831691,1.500519261644206e-101
conservative,sliwa,log_volume_change,log_volume_change_lag3,-0.273723182514498,0.02099153535403013,-13.03969328103227,6.422571653186755e-38
conservative,sliwa,log_volume_change,log_volume_change_lag4,-0.12650164307387712,0.017411285393117676,-7.2654970737473885,4.63303522854257e-13
conservative,sliwa,log_volume_change,mean_compound_lag1,-0.9110928745415736,0.9382207333962893,-0.9710858459112123,0.33157790728866965
conservative,sliwa,log_volume_change,mean_compound_lag2,-0.28861201579979456,0.7230353484202647,-0.3991672280343874,0.6897962560017519
conservative,sliwa,log_volume_change,mean_compound_lag3,0.2001398116040921,0.7233040474490698,0.2767021867359101,0.7820264154189851
conservative,sliwa,log_volume_change,mean_compound_lag4,1.1664674342965424,1.0903101881636257,1.0698491557353837,0.2847667828572623
conservative,sliwa,log_volume_change,sentiment_change_lag1,-0.6224808587417802,0.6887024498650008,-0.9038458609575131,0.3661442322500047
conservative,sliwa,log_volume_change,sentiment_change_lag2,-0.4887518274038882,0.6843060660795717,-0.7142298623830344,0.4751364251349226
conservative,sliwa,log_volume_change,sentiment_change_lag3,-0.9663276226924503,0.8006157325589749,-1.2069805568319492,0.22752760689149035
conservative,sliwa,log_volume_change,sentiment_change_lag4,-0.6741311868583616,1.3097048679013348,-0.5147199215488802,0.6067838056791122
conservative,sliwa,log_volume_change,n_comments_lag1,-0.061250631404731706,0.6432242551443338,-0.09522438078922818,0.9241424845103585
conservative,sliwa,log_volume_change,n_comments_lag2,-0.07505963038596401,0.6994081740019199,-0.10731877775531684,0.9145427224010758
conservative,sliwa,log_volume_change,n_comments_lag3,0.07026532217428151,0.6891342960742913,0.10196172585598125,0.91879335474502
conservative,sliwa,log_volume_change,n_comments_lag4,-0.059268928871775844,0.6714952490326126,-0.08826410753785888,0.9296722120388131
conservative,sliwa,log_volume_change,log_comments_change_lag1,0.6396702100219704,1.7552844558484024,0.3644253829575395,0.7155641288878412
conservative,sliwa,log_volume_change,log_comments_change_lag2,0.2973106095931093,1.8793921219646494,0.158195091975969,0.8743129144187146
conservative,sliwa,log_volume_change,log_comments_change_lag3,1.5416001651085707,1.7356182418981065,0.888213852501715,0.37449155991522387
conservative,sliwa,log_volume_change,log_comments_change_lag4,0.5921938005735035,0.8923470194035752,0.6636362174093579,0.5069703148728373
conservative,sliwa,oi_change,const,1347.89977329368,191.03916517538036,7.055620097880259,2.091524107563565e-12
conservative,sliwa,oi_change,oi_change_lag1,0.16990019953404087,0.017687976571564366,9.605406183496234,1.4641818295255433e-21
conservative,sliwa,oi_change,oi_change_lag2,0.13024766753922176,0.017925795543025997,7.2659351283237426,4.618283718798027e-13
conservative,sliwa,oi_change,oi_change_lag3,0.02197241730945517,0.01796134169426844,1.2233171487666028,0.22129875830076712
conservative,sliwa,oi_change,oi_change_lag4,0.07618850762653134,0.017880701232568175,4.260935107386083,2.0936172161880073e-05
conservative,sliwa,oi_change,mean_compound_lag1,3690.9972469056192,2842.4654861852027,1.2985196354518305,0.1942011046467435
conservative,sliwa,oi_change,mean_compound_lag2,4926.663042609772,2200.9493761378026,2.2384263336647097,0.02526082109693387
conservative,sliwa,oi_change,mean_compound_lag3,4234.034400039676,2204.515994114215,1.9206185899054595,0.05486734819695842
conservative,sliwa,oi_change,mean_compound_lag4,10412.713221208054,3304.0656327210004,3.151484982044035,0.0016392270786473927
conservative,sliwa,oi_change,sentiment_change_lag1,-1235.665795704733,2078.0738166742626,-0.5946207424345904,0.5521384676951177
conservative,sliwa,oi_change,sentiment_change_lag2,692.6286425701177,2065.651992824162,0.3353075179053539,0.7374147977189676
conservative,sliwa,oi_change,sentiment_change_lag3,-6178.6788211684125,2413.729335423056,-2.5598059941900946,0.01051798352106747
conservative,sliwa,oi_change,sentiment_change_lag4,715.3732197756094,3954.031474496744,0.18092248996744764,0.8564397142189096
conservative,sliwa,oi_change,n_comments_lag1,9726.56262552421,1963.8571388766877,4.952785227080079,7.689680307641292e-07
conservative,sliwa,oi_change,n_comments_lag2,-5838.495858234781,2125.9623732414398,-2.746283721537775,0.006060710895423517
conservative,sliwa,oi_change,n_comments_lag3,9383.712906479706,2090.203974559213,4.489376644907857,7.3917620426004086e-06
conservative,sliwa,oi_change,n_comments_lag4,-9526.374872416782,2033.3370149024772,-4.685093913403079,2.913295842048085e-06
conservative,sliwa,oi_change,log_comments_change_lag1,-15342.34939054816,5319.151240216889,-2.8843604360312516,0.003947933779952576
conservative,sliwa,oi_change,log_comments_change_lag2,-9352.704000561402,5685.32520289854,-1.6450605140042172,0.10005418633681533
conservative,sliwa,oi_change,log_comments_change_lag3,-20001.32836539673,5239.133572035421,-3.81767864674352,0.00013722973597378265
conservative,sliwa,oi_change,log_comments_change_lag4,-4888.15587617264,2694.1939101795147,-1.8143296433503338,0.06971929681713887
