subreddit,candidate,y,n,r_squared,adj_r_squared,aic,bic
newsrelated,mamdani,price_change,3281,0.0245133942740557,0.0194311778176227,-27568.06678985757,-27458.34052626427
newsrelated,mamdani,log_volume_change,3281,0.1548976020336032,0.150494678109169,15645.261281636083,15754.987545229384
newsrelated,mamdani,oi_change,3281,0.5148692333988727,0.5123417363004298,79497.51324414938,79607.23950774268
newsrelated,cuomo,price_change,3231,0.0264555296251278,0.0213045006813453,-27156.252229856214,-27046.802384471375
newsrelated,cuomo,log_volume_change,3231,0.2836247031300449,0.2798343576439605,16796.245334615327,16905.69518000017
newsrelated,cuomo,oi_change,3231,0.5292424188621152,0.5267516380095338,79684.95535426216,79794.405199647
newsrelated,sliwa,price_change,3279,0.0642372936517035,0.0593590458725189,-34251.386546723,-34141.67125873979
newsrelated,sliwa,log_volume_change,3279,0.349584052095036,0.3461933525812721,17350.881336006896,17460.5966239901
newsrelated,sliwa,oi_change,3279,0.1168489729001035,0.1122449963712173,69928.42572912453,70038.14101710773
