timestamp,oi_change,mean_compound,sentiment_change,n_comments,log_comments_change,oi_change_lag1,oi_change_lag2,oi_change_lag3,oi_change_lag4,mean_compound_lag1,mean_compound_lag2,mean_compound_lag3,mean_compound_lag4,sentiment_change_lag1,sentiment_change_lag2,sentiment_change_lag3,sentiment_change_lag4,n_comments_lag1,n_comments_lag2,n_comments_lag3,n_comments_lag4,log_comments_change_lag1,log_comments_change_lag2,log_comments_change_lag3,log_comments_change_lag4
2025-11-02 07:00:00,13304.0,0.0,0.0,0.0,0.0,8430.0,2226.0,95533.0,18445.0,0.0,0.0,0.0,0.0,0.0,0.0,0.0,-0.8386,0.0,0.0,0.0,0.0,0.0,0.0,0.0,-0.6931471805599453
2025-11-02 08:00:00,3655.0,0.0,0.0,0.0,0.0,13304.0,8430.0,2226.0,95533.0,0.0,0.0,0.0,0.0,0.0,0.0,0.0,0.0,0.0,0.0,0.0,0.0,0.0,0.0,0.0,0.0
2025-11-02 09:00:00,3359.0,0.0,0.0,0.0,0.0,3655.0,13304.0,8430.0,2226.0,0.0,0.0,0.0,0.0,0.0,0.0,0.0,0.0,0.0,0.0,0.0,0.0,0.0,0.0,0.0,0.0
2025-11-02 10:00:00,7083.0,0.0,0.0,0.0,0.0,3359.0,3655.0,13304.0,8430.0,0.0,0.0,0.0,0.0,0.0,0.0,0.0,0.0,0.0,0.0,0.0,0.0,0.0,0.0,0.0,0.0
2025-11-02 11:00:00,2452.0,0.0,0.0,0.0,0.0,7083.0,3359.0,3655.0,13304.0,0.0,0.0,0.0,0.0,0.0,0.0,0.0,0.0,0.0,0.0,0.0,0.0,0.0,0.0,0.0,0.0
2025-11-02 12:00:00,7274.0,0.0,0.0,0.0,0.0,2452.0,7083.0,3359.0,3655.0,0.0,0.0,0.0,0.0,0.0,0.0,0.0,0.0,0.0,0.0,0.0,0.0,0.0,0.0,0.0,0.0
2025-11-02 13:00:00,2081.0,0.0,0.0,0.0,0.0,7274.0,2452.0,7083.0,3359.0,0.0,0.0,0.0,0.0,0.0,0.0,0.0,0.0,0.0,0.0,0.0,0.0,0.0,0.0,0.0,0.0
2025-11-02 14:00:00,9591.0,0.0,0.0,0.0,0.0,2081.0,7274.0,2452.0,7083.0,0.0,0.0,0.0,0.0,0.0,0.0,0.0,0.0,0.0,0.0,0.0,0.0,0.0,0.0,0.0,0.0
2025-11-02 15:00:00,24008.0,0.0,0.0,0.0,0.0,9591.0,2081.0,7274.0,2452.0,0.0,0.0,0.0,0.0,0.0,0.0,0.0,0.0,0.0,0.0,0.0,0.0,0.0,0.0,0.0,0.0
2025-11-02 16:00:00,17917.0,0.0,0.0,0.0,0.0,24008.0,9591.0,2081.0,7274.0,0.0,0.0,0.0,0.0,0.0,0.0,0.0,0.0,0.0,0.0,0.0,0.0,0.0,0.0,0.0,0.0
2025-11-02 17:00:00,3337.0,0.0,0.0,0.0,0.0,17917.0,24008.0,9591.0,2081.0,0.0,0.0,0.0,0.0,0.0,0.0,0.0,0.0,0.0,0.0,0.0,0.0,0.0,0.0,0.0,0.0
2025-11-02 18:00:00,7627.0,0.0,0.0,0.0,0.0,3337.0,17917.0,24008.0,9591.0,0.0,0.0,0.0,0.0,0.0,0.0,0.0,0.0,0.0,0.0,0.0,0.0,0.0,0.0,0.0,0.0
2025-11-02 19:00:00,15683.0,0.0,0.0,0.0,0.0,7627.0,3337.0,17917.0,24008.0,0.0,0.0,0.0,0.0,0.0,0.0,0.0,0.0,0.0,0.0,0.0,0.0,0.0,0.0,0.0,0.0
2025-11-02 20:00:00,35211.0,0.0,0.0,0.0,0.0,15683.0,7627.0,3337.0,17917.0,0.0,0.0,0.0,0.0,0.0,0.0,0.0,0.0,0.0,0.0,0.0,0.0,0.0,0.0,0.0,0.0
2025-11-02 21:00:00,67746.0,0.0,0.0,0.0,0.0,35211.0,15683.0,7627.0,3337.0,0.0,0.0,0.0,0.0,0.0,0.0,0.0,0.0,0.0,0.0,0.0,0.0,0.0,0.0,0.0,0.0
2025-11-02 22:00:00,32193.0,0.0,0.0,0.0,0.0,67746.0,35211.0,15683.0,7627.0,0.0,0.0,0.0,0.0,0.0,0.0,0.0,0.0,0.0,0.0,0.0,0.0,0.0,0.0,0.0,0.0
2025-11-02 23:00:00,17710.0,0.0,0.0,0.0,0.0,32193.0,67746.0,35211.0,15683.0,0.0,0.0,0.0,0.0,0.0,0.0,0.0,0.0,0.0,0.0,0.0,0.0,0.0,0.0,0.0,0.0
2025-11-03 00:00:00,47355.0,0.0,0.0,0.0,0.0,17710.0,32193.0,67746.0,35211.0,0.0,0.0,0.0,0.0,0.0,0.0,0.0,0.0,0.0,0.0,0.0,0.0,0.0,0.0,0.0,0.0
2025-11-03 01:00:00,45899.0,0.0,0.0,0.0,0.0,47355.0,17710.0,32193.0,67746.0,0.0,0.0,0.0,0.0,0.0,0.0,0.0,0.0,0.0,0.0,0.0,0.0,0.0,0.0,0.0,0.0
2025-11-03 02:00:00,86774.0,0.0,0.0,0.0,0.0,45899.0,47355.0,17710.0,32193.0,0.0,0.0,0.0,0.0,0.0,0.0,0.0,0.0,0.0,0.0,0.0,0.0,0.0,0.0,0.0,0.0
2025-11-03 03:00:00,142408.0,0.0,0.0,0.0,0.0,86774.0,45899.0,47355.0,17710.0,0.0,0.0,0.0,0.0,0.0,0.0,0.0,0.0,0.0,0.0,0.0,0.0,0.0,0.0,0.0,0.0
2025-11-03 04:00:00,16246.0,0.0,0.0,0.0,0.0,142408.0,86774.0,45899.0,47355.0,0.0,0.0,0.0,0.0,0.0,0.0,0.0,0.0,0.0,0.0,0.0,0.0,0.0,0.0,0.0,0.0
2025-11-03 05:00:00,50706.0,0.0,0.0,0.0,0.0,16246.0,142408.0,86774.0,45899.0,0.0,0.0,0.0,0.0,0.0,0.0,0.0,0.0,0.0,0.0,0.0,0.0,0.0,0.0,0.0,0.0
2025-11-03 06:00:00,10319.0,0.0,0.0,0.0,0.0,50706.0,16246.0,142408.0,86774.0,0.0,0.0,0.0,0.0,0.0,0.0,0.0,0.0,0.0,0.0,0.0,0.0,0.0,0.0,0.0,0.0
2025-11-03 07:00:00,3069.0,0.0,0.0,0.0,0.0,10319.0,50706.0,16246.0,142408.0,0.0,0.0,0.0,0.0,0.0,0.0,0.0,0.0,0.0,0.0,0.0,0.0,0.0,0.0,0.0,0.0
2025-11-03 08:00:00,12279.0,0.0,0.0,0.0,0.0,3069.0,10319.0,50706.0,16246.0,0.0,0.0,0.0,0.0,0.0,0.0,0.0,0.0,0.0,0.0,0.0,0.0,0.0,0.0,0.0,0.0
2025-11-03 09:00:00,34826.0,0.0,0.0,0.0,0.0,12279.0,3069.0,10319.0,50706.0,0.0,0.0,0.0,0.0,0.0,0.0,0.0,0.0,0.0,0.0,0.0,0.0,0.0,0.0,0.0,0.0
2025-11-03 10:00:00,1676.0,0.0,0.0,0.0,0.0,34826.0,12279.0,3069.0,10319.0,0.0,0.0,0.0,0.0,0.0,0.0,0.0,0.0,0.0,0.0,0.0,0.0,0.0,0.0,0.0,0.0
2025-11-03 11:00:00,50680.0,0.0,0.0,0.0,0.0,1676.0,34826.0,12279.0,3069.0,0.0,0.0,0.0,0.0,0.0,0.0,0.0,0.0,0.0,0.0,0.0,0.0,0.0,0.0,0.0,0.0
2025-11-03 12:00:00,12819.0,0.0,0.0,0.0,0.0,50680.0,1676.0,34826.0,12279.0,0.0,0.0,0.0,0.0,0.0,0.0,0.0,0.0,0.0,0.0,0.0,0.0,0.0,0.0,0.0,0.0
2025-11-03 13:00:00,19383.0,0.0,0.0,0.0,0.0,12819.0,50680.0,1676.0,34826.0,0.0,0.0,0.0,0.0,0.0,0.0,0.0,0.0,0.0,0.0,0.0,0.0,0.0,0.0,0.0,0.0
2025-11-03 14:00:00,69366.0,0.0,0.0,0.0,0.0,19383.0,12819.0,50680.0,1676.0,0.0,0.0,0.0,0.0,0.0,0.0,0.0,0.0,0.0,0.0,0.0,0.0,0.0,0.0,0.0,0.0
2025-11-03 15:00:00,31316.0,0.0,0.0,0.0,0.0,69366.0,19383.0,12819.0,50680.0,0.0,0.0,0.0,0.0,0.0,0.0,0.0,0.0,0.0,0.0,0.0,0.0,0.0,0.0,0.0,0.0
2025-11-03 16:00:00,46414.0,0.0,0.0,0.0,0.0,31316.0,69366.0,19383.0,12819.0,0.0,0.0,0.0,0.0,0.0,0.0,0.0,0.0,0.0,0.0,0.0,0.0,0.0,0.0,0.0,0.0
2025-11-03 17:00:00,97755.0,0.0,0.0,0.0,0.0,46414.0,31316.0,69366.0,19383.0,0.0,0.0,0.0,0.0,0.0,0.0,0.0,0.0,0.0,0.0,0.0,0.0,0.0,0.0,0.0,0.0
2025-11-03 18:00:00,7902.0,0.0,0.0,0.0,0.0,97755.0,46414.0,31316.0,69366.0,0.0,0.0,0.0,0.0,0.0,0.0,0.0,0.0,0.0,0.0,0.0,0.0,0.0,0.0,0.0,0.0
2025-11-03 19:00:00,101874.0,0.0,0.0,0.0,0.0,7902.0,97755.0,46414.0,31316.0,0.0,0.0,0.0,0.0,0.0,0.0,0.0,0.0,0.0,0.0,0.0,0.0,0.0,0.0,0.0,0.0
2025-11-03 20:00:00,90647.0,0.0,0.0,0.0,0.0,101874.0,7902.0,97755.0,46414.0,0.0,0.0,0.0,0.0,0.0,0.0,0.0,0.0,0.0,0.0,0.0,0.0,0.0,0.0,0.0,0.0
2025-11-03 21:00:00,369105.0,0.0,0.0,0.0,0.0,90647.0,101874.0,7902.0,97755.0,0.0,0.0,0.0,0.0,0.0,0.0,0.0,0.0,0.0,0.0,0.0,0.0,0.0,0.0,0.0,0.0
2025-11-03 22:00:00,214799.0,0.0,0.0,0.0,0.0,369105.0,90647.0,101874.0,7902.0,0.0,0.0,0.0,0.0,0.0,0.0,0.0,0.0,0.0,0.0,0.0,0.0,0.0,0.0,0.0,0.0
2025-11-03 23:00:00,173699.0,0.0,0.0,0.0,0.0,214799.0,369105.0,90647.0,101874.0,0.0,0.0,0.0,0.0,0.0,0.0,0.0,0.0,0.0,0.0,0.0,0.0,0.0,0.0,0.0,0.0
2025-11-04 00:00:00,107796.0,0.0,0.0,0.0,0.0,173699.0,214799.0,369105.0,90647.0,0.0,0.0,0.0,0.0,0.0,0.0,0.0,0.0,0.0,0.0,0.0,0.0,0.0,0.0,0.0,0.0
2025-11-04 01:00:00,137731.0,0.0,0.0,0.0,0.0,107796.0,173699.0,214799.0,369105.0,0.0,0.0,0.0,0.0,0.0,0.0,0.0,0.0,0.0,0.0,0.0,0.0,0.0,0.0,0.0,0.0
2025-11-04 02:00:00,56371.0,0.0,0.0,0.0,0.0,137731.0,107796.0,173699.0,214799.0,0.0,0.0,0.0,0.0,0.0,0.0,0.0,0.0,0.0,0.0,0.0,0.0,0.0,0.0,0.0,0.0
2025-11-04 03:00:00,108804.0,0.0,0.0,0.0,0.0,56371.0,137731.0,107796.0,173699.0,0.0,0.0,0.0,0.0,0.0,0.0,0.0,0.0,0.0,0.0,0.0,0.0,0.0,0.0,0.0,0.0
2025-11-04 04:00:00,208130.0,0.0,0.0,0.0,0.0,108804.0,56371.0,137731.0,107796.0,0.0,0.0,0.0,0.0,0.0,0.0,0.0,0.0,0.0,0.0,0.0,0.0,0.0,0.0,0.0,0.0
2025-11-04 05:00:00,173267.0,0.0,0.0,0.0,0.0,208130.0,108804.0,56371.0,137731.0,0.0,0.0,0.0,0.0,0.0,0.0,0.0,0.0,0.0,0.0,0.0,0.0,0.0,0.0,0.0,0.0
2025-11-04 06:00:00,145070.0,0.0,0.0,0.0,0.0,173267.0,208130.0,108804.0,56371.0,0.0,0.0,0.0,0.0,0.0,0.0,0.0,0.0,0.0,0.0,0.0,0.0,0.0,0.0,0.0,0.0
2025-11-04 07:00:00,45439.0,0.0,0.0,0.0,0.0,145070.0,173267.0,208130.0,108804.0,0.0,0.0,0.0,0.0,0.0,0.0,0.0,0.0,0.0,0.0,0.0,0.0,0.0,0.0,0.0,0.0
2025-11-04 08:00:00,126430.0,0.0,0.0,0.0,0.0,45439.0,145070.0,173267.0,208130.0,0.0,0.0,0.0,0.0,0.0,0.0,0.0,0.0,0.0,0.0,0.0,0.0,0.0,0.0,0.0,0.0
2025-11-04 09:00:00,133914.0,0.0,0.0,0.0,0.0,126430.0,45439.0,145070.0,173267.0,0.0,0.0,0.0,0.0,0.0,0.0,0.0,0.0,0.0,0.0,0.0,0.0,0.0,0.0,0.0,0.0
2025-11-04 10:00:00,38850.0,0.0,0.0,0.0,0.0,133914.0,126430.0,45439.0,145070.0,0.0,0.0,0.0,0.0,0.0,0.0,0.0,0.0,0.0,0.0,0.0,0.0,0.0,0.0,0.0,0.0
2025-11-04 11:00:00,31215.0,0.8979,0.8979,1.0,0.6931471805599453,38850.0,133914.0,126430.0,45439.0,0.0,0.0,0.0,0.0,0.0,0.0,0.0,0.0,0.0,0.0,0.0,0.0,0.0,0.0,0.0,0.0
2025-11-04 12:00:00,207401.0,0.0,-0.8979,0.0,-0.6931471805599453,31215.0,38850.0,133914.0,126430.0,0.8979,0.0,0.0,0.0,0.8979,0.0,0.0,0.0,1.0,0.0,0.0,0.0,0.6931471805599453,0.0,0.0,0.0
2025-11-04 13:00:00,57452.0,0.0,0.0,0.0,0.0,207401.0,31215.0,38850.0,133914.0,0.0,0.8979,0.0,0.0,-0.8979,0.8979,0.0,0.0,0.0,1.0,0.0,0.0,-0.6931471805599453,0.6931471805599453,0.0,0.0
2025-11-04 14:00:00,160892.0,0.0,0.0,0.0,0.0,57452.0,207401.0,31215.0,38850.0,0.0,0.0,0.8979,0.0,0.0,-0.8979,0.8979,0.0,0.0,0.0,1.0,0.0,0.0,-0.6931471805599453,0.6931471805599453,0.0
2025-11-04 15:00:00,89376.0,0.0,0.0,0.0,0.0,160892.0,57452.0,207401.0,31215.0,0.0,0.0,0.0,0.8979,0.0,0.0,-0.8979,0.8979,0.0,0.0,0.0,1.0,0.0,0.0,-0.6931471805599453,0.6931471805599453
2025-11-04 16:00:00,120261.0,0.0,0.0,0.0,0.0,89376.0,160892.0,57452.0,207401.0,0.0,0.0,0.0,0.0,0.0,0.0,0.0,-0.8979,0.0,0.0,0.0,0.0,0.0,0.0,0.0,-0.6931471805599453
2025-11-04 17:00:00,121397.0,0.0,0.0,0.0,0.0,120261.0,89376.0,160892.0,57452.0,0.0,0.0,0.0,0.0,0.0,0.0,0.0,0.0,0.0,0.0,0.0,0.0,0.0,0.0,0.0,0.0
2025-11-04 18:00:00,255565.0,0.0,0.0,0.0,0.0,121397.0,120261.0,89376.0,160892.0,0.0,0.0,0.0,0.0,0.0,0.0,0.0,0.0,0.0,0.0,0.0,0.0,0.0,0.0,0.0,0.0
2025-11-04 19:00:00,255362.0,0.0,0.0,0.0,0.0,255565.0,121397.0,120261.0,89376.0,0.0,0.0,0.0,0.0,0.0,0.0,0.0,0.0,0.0,0.0,0.0,0.0,0.0,0.0,0.0,0.0
2025-11-04 20:00:00,169876.0,0.0,0.0,0.0,0.0,255362.0,255565.0,121397.0,120261.0,0.0,0.0,0.0,0.0,0.0,0.0,0.0,0.0,0.0,0.0,0.0,0.0,0.0,0.0,0.0,0.0
2025-11-04 21:00:00,168160.0,0.0,0.0,0.0,0.0,169876.0,255362.0,255565.0,121397.0,0.0,0.0,0.0,0.0,0.0,0.0,0.0,0.0,0.0,0.0,0.0,0.0,0.0,0.0,0.0,0.0
2025-11-04 22:00:00,122989.0,0.0,0.0,0.0,0.0,168160.0,169876.0,255362.0,255565.0,0.0,0.0,0.0,0.0,0.0,0.0,0.0,0.0,0.0,0.0,0.0,0.0,0.0,0.0,0.0,0.0
2025-11-04 23:00:00,94419.0,0.0,0.0,0.0,0.0,122989.0,168160.0,169876.0,255362.0,0.0,0.0,0.0,0.0,0.0,0.0,0.0,0.0,0.0,0.0,0.0,0.0,0.0,0.0,0.0,0.0
2025-11-05 00:00:00,108247.0,0.0,0.0,0.0,0.0,94419.0,122989.0,168160.0,169876.0,0.0,0.0,0.0,0.0,0.0,0.0,0.0,0.0,0.0,0.0,0.0,0.0,0.0,0.0,0.0,0.0
2025-11-05 01:00:00,97338.0,0.0,0.0,0.0,0.0,108247.0,94419.0,122989.0,168160.0,0.0,0.0,0.0,0.0,0.0,0.0,0.0,0.0,0.0,0.0,0.0,0.0,0.0,0.0,0.0,0.0
2025-11-05 02:00:00,821237.0,0.0,0.0,0.0,0.0,97338.0,108247.0,94419.0,122989.0,0.0,0.0,0.0,0.0,0.0,0.0,0.0,0.0,0.0,0.0,0.0,0.0,0.0,0.0,0.0,0.0
2025-11-05 03:00:00,2781974.0,-0.6908,-0.6908,1.0,0.6931471805599453,821237.0,97338.0,108247.0,94419.0,0.0,0.0,0.0,0.0,0.0,0.0,0.0,0.0,0.0,0.0,0.0,0.0,0.0,0.0,0.0,0.0
2025-11-05 04:00:00,41926.0,0.0,0.6908,0.0,-0.6931471805599453,2781974.0,821237.0,97338.0,108247.0,-0.6908,0.0,0.0,0.0,-0.6908,0.0,0.0,0.0,1.0,0.0,0.0,0.0,0.6931471805599453,0.0,0.0,0.0
2025-11-05 05:00:00,11730.0,0.0,0.0,0.0,0.0,41926.0,2781974.0,821237.0,97338.0,0.0,-0.6908,0.0,0.0,0.6908,-0.6908,0.0,0.0,0.0,1.0,0.0,0.0,-0.6931471805599453,0.6931471805599453,0.0,0.0
2025-11-05 06:00:00,2451.0,0.0,0.0,0.0,0.0,11730.0,41926.0,2781974.0,821237.0,0.0,0.0,-0.6908,0.0,0.0,0.6908,-0.6908,0.0,0.0,0.0,1.0,0.0,0.0,-0.6931471805599453,0.6931471805599453,0.0
2025-11-05 07:00:00,6328.0,0.0,0.0,0.0,0.0,2451.0,11730.0,41926.0,2781974.0,0.0,0.0,0.0,-0.6908,0.0,0.0,0.6908,-0.6908,0.0,0.0,0.0,1.0,0.0,0.0,-0.6931471805599453,0.6931471805599453
2025-11-05 08:00:00,0.0,0.0,0.0,0.0,0.0,6328.0,2451.0,11730.0,41926.0,0.0,0.0,0.0,0.0,0.0,0.0,0.0,0.6908,0.0,0.0,0.0,0.0,0.0,0.0,0.0,-0.6931471805599453
2025-11-05 09:00:00,1832.0,0.0,0.0,0.0,0.0,0.0,6328.0,2451.0,11730.0,0.0,0.0,0.0,0.0,0.0,0.0,0.0,0.0,0.0,0.0,0.0,0.0,0.0,0.0,0.0,0.0
2025-11-05 10:00:00,0.0,0.0,0.0,0.0,0.0,1832.0,0.0,6328.0,2451.0,0.0,0.0,0.0,0.0,0.0,0.0,0.0,0.0,0.0,0.0,0.0,0.0,0.0,0.0,0.0,0.0
2025-11-05 11:00:00,3743.0,0.0,0.0,0.0,0.0,0.0,1832.0,0.0,6328.0,0.0,0.0,0.0,0.0,0.0,0.0,0.0,0.0,0.0,0.0,0.0,0.0,0.0,0.0,0.0,0.0
2025-11-05 12:00:00,16.0,0.0,0.0,0.0,0.0,3743.0,0.0,1832.0,0.0,0.0,0.0,0.0,0.0,0.0,0.0,0.0,0.0,0.0,0.0,0.0,0.0,0.0,0.0,0.0,0.0
2025-11-05 13:00:00,1.0,0.0,0.0,0.0,0.0,16.0,3743.0,0.0,1832.0,0.0,0.0,0.0,0.0,0.0,0.0,0.0,0.0,0.0,0.0,0.0,0.0,0.0,0.0,0.0,0.0
2025-11-05 14:00:00,915.0,0.6369,0.6369,1.0,0.6931471805599453,1.0,16.0,3743.0,0.0,0.0,0.0,0.0,0.0,0.0,0.0,0.0,0.0,0.0,0.0,0.0,0.0,0.0,0.0,0.0,0.0
2025-11-05 15:00:00,0.0,0.234,-0.40290000000000004,1.0,0.0,915.0,1.0,16.0,3743.0,0.6369,0.0,0.0,0.0,0.6369,0.0,0.0,0.0,1.0,0.0,0.0,0.0,0.6931471805599453,0.0,0.0,0.0
2025-11-05 16:00:00,2337.0,0.7344,0.5004000000000001,1.0,0.0,0.0,915.0,1.0,16.0,0.234,0.6369,0.0,0.0,-0.40290000000000004,0.6369,0.0,0.0,1.0,1.0,0.0,0.0,0.0,0.6931471805599453,0.0,0.0
2025-11-05 17:00:00,5429.0,0.0,-0.7344,0.0,-0.6931471805599453,2337.0,0.0,915.0,1.0,0.7344,0.234,0.6369,0.0,0.5004000000000001,-0.40290000000000004,0.6369,0.0,1.0,1.0,1.0,0.0,0.0,0.0,0.6931471805599453,0.0
2025-11-05 18:00:00,467.0,0.1332499999999999,0.1332499999999999,2.0,1.0986122886681098,5429.0,2337.0,0.0,915.0,0.0,0.7344,0.234,0.6369,-0.7344,0.5004000000000001,-0.40290000000000004,0.6369,0.0,1.0,1.0,1.0,-0.6931471805599453,0.0,0.0,0.6931471805599453
2025-11-05 19:00:00,74.0,0.0,-0.1332499999999999,0.0,-1.0986122886681098,467.0,5429.0,2337.0,0.0,0.1332499999999999,0.0,0.7344,0.234,0.1332499999999999,-0.7344,0.5004000000000001,-0.40290000000000004,2.0,0.0,1.0,1.0,1.0986122886681098,-0.6931471805599453,0.0,0.0
2025-11-05 20:00:00,916.0,0.0,0.0,0.0,0.0,74.0,467.0,5429.0,2337.0,0.0,0.1332499999999999,0.0,0.7344,-0.1332499999999999,0.1332499999999999,-0.7344,0.5004000000000001,0.0,2.0,0.0,1.0,-1.0986122886681098,1.0986122886681098,-0.6931471805599453,0.0
2025-11-05 21:00:00,186.0,-0.5719,-0.5719,1.0,0.6931471805599453,916.0,74.0,467.0,5429.0,0.0,0.0,0.1332499999999999,0.0,0.0,-0.1332499999999999,0.1332499999999999,-0.7344,0.0,0.0,2.0,0.0,0.0,-1.0986122886681098,1.0986122886681098,-0.6931471805599453
2025-11-05 22:00:00,467.0,0.0,0.5719,0.0,-0.6931471805599453,186.0,916.0,74.0,467.0,-0.5719,0.0,0.0,0.1332499999999999,-0.5719,0.0,-0.1332499999999999,0.1332499999999999,1.0,0.0,0.0,2.0,0.6931471805599453,0.0,-1.0986122886681098,1.0986122886681098
2025-11-05 23:00:00,93.0,0.0,0.0,0.0,0.0,467.0,186.0,916.0,74.0,0.0,-0.5719,0.0,0.0,0.5719,-0.5719,0.0,-0.1332499999999999,0.0,1.0,0.0,0.0,-0.6931471805599453,0.6931471805599453,0.0,-1.0986122886681098
2025-11-06 00:00:00,935.0,0.0,0.0,0.0,0.0,93.0,467.0,186.0,916.0,0.0,0.0,-0.5719,0.0,0.0,0.5719,-0.5719,0.0,0.0,0.0,1.0,0.0,0.0,-0.6931471805599453,0.6931471805599453,0.0
2025-11-06 01:00:00,94.0,0.0,0.0,0.0,0.0,935.0,93.0,467.0,186.0,0.0,0.0,0.0,-0.5719,0.0,0.0,0.5719,-0.5719,0.0,0.0,0.0,1.0,0.0,0.0,-0.6931471805599453,0.6931471805599453
2025-11-06 02:00:00,93.0,0.0,0.0,0.0,0.0,94.0,935.0,93.0,467.0,0.0,0.0,0.0,0.0,0.0,0.0,0.0,0.5719,0.0,0.0,0.0,0.0,0.0,0.0,0.0,-0.6931471805599453
2025-11-06 03:00:00,4162.0,0.0,0.0,0.0,0.0,93.0,94.0,935.0,93.0,0.0,0.0,0.0,0.0,0.0,0.0,0.0,0.0,0.0,0.0,0.0,0.0,0.0,0.0,0.0,0.0
2025-11-06 04:00:00,0.0,0.0,0.0,0.0,0.0,4162.0,93.0,94.0,935.0,0.0,0.0,0.0,0.0,0.0,0.0,0.0,0.0,0.0,0.0,0.0,0.0,0.0,0.0,0.0,0.0
2025-11-06 05:00:00,0.0,0.0,0.0,0.0,0.0,0.0,4162.0,93.0,94.0,0.0,0.0,0.0,0.0,0.0,0.0,0.0,0.0,0.0,0.0,0.0,0.0,0.0,0.0,0.0,0.0
2025-11-06 06:00:00,9175.0,0.0,0.0,0.0,0.0,0.0,0.0,4162.0,93.0,0.0,0.0,0.0,0.0,0.0,0.0,0.0,0.0,0.0,0.0,0.0,0.0,0.0,0.0,0.0,0.0
2025-11-06 07:00:00,420.0,0.0,0.0,0.0,0.0,9175.0,0.0,0.0,4162.0,0.0,0.0,0.0,0.0,0.0,0.0,0.0,0.0,0.0,0.0,0.0,0.0,0.0,0.0,0.0,0.0
2025-11-06 08:00:00,0.0,0.0,0.0,0.0,0.0,420.0,9175.0,0.0,0.0,0.0,0.0,0.0,0.0,0.0,0.0,0.0,0.0,0.0,0.0,0.0,0.0,0.0,0.0,0.0,0.0
2025-11-06 09:00:00,0.0,0.0,0.0,0.0,0.0,0.0,420.0,9175.0,0.0,0.0,0.0,0.0,0.0,0.0,0.0,0.0,0.0,0.0,0.0,0.0,0.0,0.0,0.0,0.0,0.0
2025-11-06 10:00:00,0.0,0.0,0.0,0.0,0.0,0.0,0.0,420.0,9175.0,0.0,0.0,0.0,0.0,0.0,0.0,0.0,0.0,0.0,0.0,0.0,0.0,0.0,0.0,0.0,0.0
2025-11-06 11:00:00,1.0,0.0,0.0,0.0,0.0,0.0,0.0,0.0,420.0,0.0,0.0,0.0,0.0,0.0,0.0,0.0,0.0,0.0,0.0,0.0,0.0,0.0,0.0,0.0,0.0
2025-11-06 12:00:00,93.0,0.0,0.0,0.0,0.0,1.0,0.0,0.0,0.0,0.0,0.0,0.0,0.0,0.0,0.0,0.0,0.0,0.0,0.0,0.0,0.0,0.0,0.0,0.0,0.0
2025-11-06 13:00:00,9.0,0.0,0.0,0.0,0.0,93.0,1.0,0.0,0.0,0.0,0.0,0.0,0.0,0.0,0.0,0.0,0.0,0.0,0.0,0.0,0.0,0.0,0.0,0.0,0.0
2025-11-06 14:00:00,0.0,0.0,0.0,0.0,0.0,9.0,93.0,1.0,0.0,0.0,0.0,0.0,0.0,0.0,0.0,0.0,0.0,0.0,0.0,0.0,0.0,0.0,0.0,0.0,0.0
2025-11-06 15:00:00,0.0,0.0,0.0,0.0,0.0,0.0,9.0,93.0,1.0,0.0,0.0,0.0,0.0,0.0,0.0,0.0,0.0,0.0,0.0,0.0,0.0,0.0,0.0,0.0,0.0
2025-11-06 16:00:00,186.0,0.0,0.0,0.0,0.0,0.0,0.0,9.0,93.0,0.0,0.0,0.0,0.0,0.0,0.0,0.0,0.0,0.0,0.0,0.0,0.0,0.0,0.0,0.0,0.0
2025-11-06 17:00:00,93.0,0.0,0.0,1.0,0.6931471805599453,186.0,0.0,0.0,9.0,0.0,0.0,0.0,0.0,0.0,0.0,0.0,0.0,0.0,0.0,0.0,0.0,0.0,0.0,0.0,0.0
