timestamp,log_volume_change,mean_compound,sentiment_change,n_comments,log_comments_change,log_volume_change_lag1,log_volume_change_lag2,log_volume_change_lag3,log_volume_change_lag4,mean_compound_lag1,mean_compound_lag2,mean_compound_lag3,mean_compound_lag4,sentiment_change_lag1,sentiment_change_lag2,sentiment_change_lag3,sentiment_change_lag4,n_comments_lag1,n_comments_lag2,n_comments_lag3,n_comments_lag4,log_comments_change_lag1,log_comments_change_lag2,log_comments_change_lag3,log_comments_change_lag4
2025-11-02 07:00:00,-0.5937846344433275,0.0,0.0,0.0,0.0,0.7111603431976192,-2.119874501002462,1.7206873170435681,-0.8103948126431053,0.0,0.0,0.0,0.0,0.0,0.0,0.0,-0.8386,0.0,0.0,0.0,0.0,0.0,0.0,0.0,-0.6931471805599453
2025-11-02 08:00:00,-1.3257714746741929,0.0,0.0,0.0,0.0,-0.5937846344433275,0.7111603431976192,-2.119874501002462,1.7206873170435681,0.0,0.0,0.0,0.0,0.0,0.0,0.0,0.0,0.0,0.0,0.0,0.0,0.0,0.0,0.0,0.0
2025-11-02 09:00:00,0.8030802464432796,0.0,0.0,0.0,0.0,-1.3257714746741929,-0.5937846344433275,0.7111603431976192,-2.119874501002462,0.0,0.0,0.0,0.0,0.0,0.0,0.0,0.0,0.0,0.0,0.0,0.0,0.0,0.0,0.0,0.0
2025-11-02 10:00:00,-0.10518602386472864,0.0,0.0,0.0,0.0,0.8030802464432796,-1.3257714746741929,-0.5937846344433275,0.7111603431976192,0.0,0.0,0.0,0.0,0.0,0.0,0.0,0.0,0.0,0.0,0.0,0.0,0.0,0.0,0.0,0.0
2025-11-02 11:00:00,-0.982492316757746,0.0,0.0,0.0,0.0,-0.10518602386472864,0.8030802464432796,-1.3257714746741929,-0.5937846344433275,0.0,0.0,0.0,0.0,0.0,0.0,0.0,0.0,0.0,0.0,0.0,0.0,0.0,0.0,0.0,0.0
2025-11-02 12:00:00,1.1368210180548637,0.0,0.0,0.0,0.0,-0.982492316757746,-0.10518602386472864,0.8030802464432796,-1.3257714746741929,0.0,0.0,0.0,0.0,0.0,0.0,0.0,0.0,0.0,0.0,0.0,0.0,0.0,0.0,0.0,0.0
2025-11-02 13:00:00,-0.7335776393653628,0.0,0.0,0.0,0.0,1.1368210180548637,-0.982492316757746,-0.10518602386472864,0.8030802464432796,0.0,0.0,0.0,0.0,0.0,0.0,0.0,0.0,0.0,0.0,0.0,0.0,0.0,0.0,0.0,0.0
2025-11-02 14:00:00,0.8537904642329881,0.0,0.0,0.0,0.0,-0.7335776393653628,1.1368210180548637,-0.982492316757746,-0.10518602386472864,0.0,0.0,0.0,0.0,0.0,0.0,0.0,0.0,0.0,0.0,0.0,0.0,0.0,0.0,0.0,0.0
2025-11-02 15:00:00,1.1886365587491294,0.0,0.0,0.0,0.0,0.8537904642329881,-0.7335776393653628,1.1368210180548637,-0.982492316757746,0.0,0.0,0.0,0.0,0.0,0.0,0.0,0.0,0.0,0.0,0.0,0.0,0.0,0.0,0.0,0.0
2025-11-02 16:00:00,-0.36706143018391124,0.0,0.0,0.0,0.0,1.1886365587491294,0.8537904642329881,-0.7335776393653628,1.1368210180548637,0.0,0.0,0.0,0.0,0.0,0.0,0.0,0.0,0.0,0.0,0.0,0.0,0.0,0.0,0.0,0.0
2025-11-02 17:00:00,-0.28352613595723675,0.0,0.0,0.0,0.0,-0.36706143018391124,1.1886365587491294,0.8537904642329881,-0.7335776393653628,0.0,0.0,0.0,0.0,0.0,0.0,0.0,0.0,0.0,0.0,0.0,0.0,0.0,0.0,0.0,0.0
2025-11-02 18:00:00,1.5030569446151585,0.0,0.0,0.0,0.0,-0.28352613595723675,-0.36706143018391124,1.1886365587491294,0.8537904642329881,0.0,0.0,0.0,0.0,0.0,0.0,0.0,0.0,0.0,0.0,0.0,0.0,0.0,0.0,0.0,0.0
2025-11-02 19:00:00,-1.3602031269853683,0.0,0.0,0.0,0.0,1.5030569446151585,-0.28352613595723675,-0.36706143018391124,1.1886365587491294,0.0,0.0,0.0,0.0,0.0,0.0,0.0,0.0,0.0,0.0,0.0,0.0,0.0,0.0,0.0,0.0
2025-11-02 20:00:00,0.6387230361761738,0.0,0.0,0.0,0.0,-1.3602031269853683,1.5030569446151585,-0.28352613595723675,-0.36706143018391124,0.0,0.0,0.0,0.0,0.0,0.0,0.0,0.0,0.0,0.0,0.0,0.0,0.0,0.0,0.0,0.0
2025-11-02 21:00:00,0.5510465062920016,0.0,0.0,0.0,0.0,0.6387230361761738,-1.3602031269853683,1.5030569446151585,-0.28352613595723675,0.0,0.0,0.0,0.0,0.0,0.0,0.0,0.0,0.0,0.0,0.0,0.0,0.0,0.0,0.0,0.0
2025-11-02 22:00:00,-0.7223638393437888,0.0,0.0,0.0,0.0,0.5510465062920016,0.6387230361761738,-1.3602031269853683,1.5030569446151585,0.0,0.0,0.0,0.0,0.0,0.0,0.0,0.0,0.0,0.0,0.0,0.0,0.0,0.0,0.0,0.0
2025-11-02 23:00:00,-0.5895183607729297,0.0,0.0,0.0,0.0,-0.7223638393437888,0.5510465062920016,0.6387230361761738,-1.3602031269853683,0.0,0.0,0.0,0.0,0.0,0.0,0.0,0.0,0.0,0.0,0.0,0.0,0.0,0.0,0.0,0.0
2025-11-03 00:00:00,1.3283024551948852,0.0,0.0,0.0,0.0,-0.5895183607729297,-0.7223638393437888,0.5510465062920016,0.6387230361761738,0.0,0.0,0.0,0.0,0.0,0.0,0.0,0.0,0.0,0.0,0.0,0.0,0.0,0.0,0.0,0.0
2025-11-03 01:00:00,-0.25579108946359064,0.0,0.0,0.0,0.0,1.3283024551948852,-0.5895183607729297,-0.7223638393437888,0.5510465062920016,0.0,0.0,0.0,0.0,0.0,0.0,0.0,0.0,0.0,0.0,0.0,0.0,0.0,0.0,0.0,0.0
2025-11-03 02:00:00,0.5277200219174212,0.0,0.0,0.0,0.0,-0.25579108946359064,1.3283024551948852,-0.5895183607729297,-0.7223638393437888,0.0,0.0,0.0,0.0,0.0,0.0,0.0,0.0,0.0,0.0,0.0,0.0,0.0,0.0,0.0,0.0
2025-11-03 03:00:00,0.8631504138967614,0.0,0.0,0.0,0.0,0.5277200219174212,-0.25579108946359064,1.3283024551948852,-0.5895183607729297,0.0,0.0,0.0,0.0,0.0,0.0,0.0,0.0,0.0,0.0,0.0,0.0,0.0,0.0,0.0,0.0
2025-11-03 04:00:00,-2.531338387481714,0.0,0.0,0.0,0.0,0.8631504138967614,0.5277200219174212,-0.25579108946359064,1.3283024551948852,0.0,0.0,0.0,0.0,0.0,0.0,0.0,0.0,0.0,0.0,0.0,0.0,0.0,0.0,0.0,0.0
2025-11-03 05:00:00,1.1272983308210325,0.0,0.0,0.0,0.0,-2.531338387481714,0.8631504138967614,0.5277200219174212,-0.25579108946359064,0.0,0.0,0.0,0.0,0.0,0.0,0.0,0.0,0.0,0.0,0.0,0.0,0.0,0.0,0.0,0.0
2025-11-03 06:00:00,-1.4303638241543855,0.0,0.0,0.0,0.0,1.1272983308210325,-2.531338387481714,0.8631504138967614,0.5277200219174212,0.0,0.0,0.0,0.0,0.0,0.0,0.0,0.0,0.0,0.0,0.0,0.0,0.0,0.0,0.0,0.0
2025-11-03 07:00:00,-0.6468269850875714,0.0,0.0,0.0,0.0,-1.4303638241543855,1.1272983308210325,-2.531338387481714,0.8631504138967614,0.0,0.0,0.0,0.0,0.0,0.0,0.0,0.0,0.0,0.0,0.0,0.0,0.0,0.0,0.0,0.0
2025-11-03 08:00:00,0.6831301508397711,0.0,0.0,0.0,0.0,-0.6468269850875714,-1.4303638241543855,1.1272983308210325,-2.531338387481714,0.0,0.0,0.0,0.0,0.0,0.0,0.0,0.0,0.0,0.0,0.0,0.0,0.0,0.0,0.0,0.0
2025-11-03 09:00:00,0.9924749018546919,0.0,0.0,0.0,0.0,0.6831301508397711,-0.6468269850875714,-1.4303638241543855,1.1272983308210325,0.0,0.0,0.0,0.0,0.0,0.0,0.0,0.0,0.0,0.0,0.0,0.0,0.0,0.0,0.0,0.0
2025-11-03 10:00:00,-2.840676170339411,0.0,0.0,0.0,0.0,0.9924749018546919,0.6831301508397711,-0.6468269850875714,-1.4303638241543855,0.0,0.0,0.0,0.0,0.0,0.0,0.0,0.0,0.0,0.0,0.0,0.0,0.0,0.0,0.0,0.0
2025-11-03 11:00:00,3.2066339709128,0.0,0.0,0.0,0.0,-2.840676170339411,0.9924749018546919,0.6831301508397711,-0.6468269850875714,0.0,0.0,0.0,0.0,0.0,0.0,0.0,0.0,0.0,0.0,0.0,0.0,0.0,0.0,0.0,0.0
2025-11-03 12:00:00,-1.3364225310797178,0.0,0.0,0.0,0.0,3.2066339709128,-2.840676170339411,0.9924749018546919,0.6831301508397711,0.0,0.0,0.0,0.0,0.0,0.0,0.0,0.0,0.0,0.0,0.0,0.0,0.0,0.0,0.0,0.0
2025-11-03 13:00:00,0.6030952732142421,0.0,0.0,0.0,0.0,-1.3364225310797178,3.2066339709128,-2.840676170339411,0.9924749018546919,0.0,0.0,0.0,0.0,0.0,0.0,0.0,0.0,0.0,0.0,0.0,0.0,0.0,0.0,0.0,0.0
2025-11-03 14:00:00,1.1657200231586842,0.0,0.0,0.0,0.0,0.6030952732142421,-1.3364225310797178,3.2066339709128,-2.840676170339411,0.0,0.0,0.0,0.0,0.0,0.0,0.0,0.0,0.0,0.0,0.0,0.0,0.0,0.0,0.0,0.0
2025-11-03 15:00:00,2.2781178249985423,0.0,0.0,0.0,0.0,1.1657200231586842,0.6030952732142421,-1.3364225310797178,3.2066339709128,0.0,0.0,0.0,0.0,0.0,0.0,0.0,0.0,0.0,0.0,0.0,0.0,0.0,0.0,0.0,0.0
2025-11-03 16:00:00,-2.794603948755494,0.0,0.0,0.0,0.0,2.2781178249985423,1.1657200231586842,0.6030952732142421,-1.3364225310797178,0.0,0.0,0.0,0.0,0.0,0.0,0.0,0.0,0.0,0.0,0.0,0.0,0.0,0.0,0.0,0.0
2025-11-03 17:00:00,0.8292574196293163,0.0,0.0,0.0,0.0,-2.794603948755494,2.2781178249985423,1.1657200231586842,0.6030952732142421,0.0,0.0,0.0,0.0,0.0,0.0,0.0,0.0,0.0,0.0,0.0,0.0,0.0,0.0,0.0,0.0
2025-11-03 18:00:00,-0.07713912703829173,0.0,0.0,0.0,0.0,0.8292574196293163,-2.794603948755494,2.2781178249985423,1.1657200231586842,0.0,0.0,0.0,0.0,0.0,0.0,0.0,0.0,0.0,0.0,0.0,0.0,0.0,0.0,0.0,0.0
2025-11-03 19:00:00,1.2001634548797746,0.0,0.0,0.0,0.0,-0.07713912703829173,0.8292574196293163,-2.794603948755494,2.2781178249985423,0.0,0.0,0.0,0.0,0.0,0.0,0.0,0.0,0.0,0.0,0.0,0.0,0.0,0.0,0.0,0.0
2025-11-03 20:00:00,-0.571143841739767,0.0,0.0,0.0,0.0,1.2001634548797746,-0.07713912703829173,0.8292574196293163,-2.794603948755494,0.0,0.0,0.0,0.0,0.0,0.0,0.0,0.0,0.0,0.0,0.0,0.0,0.0,0.0,0.0,0.0
2025-11-03 21:00:00,1.0787459413604044,0.0,0.0,0.0,0.0,-0.571143841739767,1.2001634548797746,-0.07713912703829173,0.8292574196293163,0.0,0.0,0.0,0.0,0.0,0.0,0.0,0.0,0.0,0.0,0.0,0.0,0.0,0.0,0.0,0.0
2025-11-03 22:00:00,-0.8277039856396229,0.0,0.0,0.0,0.0,1.0787459413604044,-0.571143841739767,1.2001634548797746,-0.07713912703829173,0.0,0.0,0.0,0.0,0.0,0.0,0.0,0.0,0.0,0.0,0.0,0.0,0.0,0.0,0.0,0.0
2025-11-03 23:00:00,0.899557742180928,0.0,0.0,0.0,0.0,-0.8277039856396229,1.0787459413604044,-0.571143841739767,1.2001634548797746,0.0,0.0,0.0,0.0,0.0,0.0,0.0,0.0,0.0,0.0,0.0,0.0,0.0,0.0,0.0,0.0
2025-11-04 00:00:00,-1.2268997372260042,0.0,0.0,0.0,0.0,0.899557742180928,-0.8277039856396229,1.0787459413604044,-0.571143841739767,0.0,0.0,0.0,0.0,0.0,0.0,0.0,0.0,0.0,0.0,0.0,0.0,0.0,0.0,0.0,0.0
2025-11-04 01:00:00,0.29304926481880145,0.0,0.0,0.0,0.0,-1.2268997372260042,0.899557742180928,-0.8277039856396229,1.0787459413604044,0.0,0.0,0.0,0.0,0.0,0.0,0.0,0.0,0.0,0.0,0.0,0.0,0.0,0.0,0.0,0.0
2025-11-04 02:00:00,-0.4233548429122731,0.0,0.0,0.0,0.0,0.29304926481880145,-1.2268997372260042,0.899557742180928,-0.8277039856396229,0.0,0.0,0.0,0.0,0.0,0.0,0.0,0.0,0.0,0.0,0.0,0.0,0.0,0.0,0.0,0.0
2025-11-04 03:00:00,0.0038768339488637338,0.0,0.0,0.0,0.0,-0.4233548429122731,0.29304926481880145,-1.2268997372260042,0.899557742180928,0.0,0.0,0.0,0.0,0.0,0.0,0.0,0.0,0.0,0.0,0.0,0.0,0.0,0.0,0.0,0.0
2025-11-04 04:00:00,1.0676209612158036,0.0,0.0,0.0,0.0,0.0038768339488637338,-0.4233548429122731,0.29304926481880145,-1.2268997372260042,0.0,0.0,0.0,0.0,0.0,0.0,0.0,0.0,0.0,0.0,0.0,0.0,0.0,0.0,0.0,0.0
2025-11-04 05:00:00,-0.9070134426831711,0.0,0.0,0.0,0.0,1.0676209612158036,0.0038768339488637338,-0.4233548429122731,0.29304926481880145,0.0,0.0,0.0,0.0,0.0,0.0,0.0,0.0,0.0,0.0,0.0,0.0,0.0,0.0,0.0,0.0
2025-11-04 06:00:00,-0.1746654173104023,0.0,0.0,0.0,0.0,-0.9070134426831711,1.0676209612158036,0.0038768339488637338,-0.4233548429122731,0.0,0.0,0.0,0.0,0.0,0.0,0.0,0.0,0.0,0.0,0.0,0.0,0.0,0.0,0.0,0.0
2025-11-04 07:00:00,-1.14614640453655,0.0,0.0,0.0,0.0,-0.1746654173104023,-0.9070134426831711,1.0676209612158036,0.0038768339488637338,0.0,0.0,0.0,0.0,0.0,0.0,0.0,0.0,0.0,0.0,0.0,0.0,0.0,0.0,0.0,0.0
2025-11-04 08:00:00,1.5144863921944225,0.0,0.0,0.0,0.0,-1.14614640453655,-0.1746654173104023,-0.9070134426831711,1.0676209612158036,0.0,0.0,0.0,0.0,0.0,0.0,0.0,0.0,0.0,0.0,0.0,0.0,0.0,0.0,0.0,0.0
2025-11-04 09:00:00,-0.41615818557943385,0.0,0.0,0.0,0.0,1.5144863921944225,-1.14614640453655,-0.1746654173104023,-0.9070134426831711,0.0,0.0,0.0,0.0,0.0,0.0,0.0,0.0,0.0,0.0,0.0,0.0,0.0,0.0,0.0,0.0
2025-11-04 10:00:00,-1.3117766238825155,0.0,0.0,0.0,0.0,-0.41615818557943385,1.5144863921944225,-1.14614640453655,-0.1746654173104023,0.0,0.0,0.0,0.0,0.0,0.0,0.0,0.0,0.0,0.0,0.0,0.0,0.0,0.0,0.0,0.0
2025-11-04 11:00:00,-0.14202477285640214,0.8979,0.8979,1.0,0.6931471805599453,-1.3117766238825155,-0.41615818557943385,1.5144863921944225,-1.14614640453655,0.0,0.0,0.0,0.0,0.0,0.0,0.0,0.0,0.0,0.0,0.0,0.0,0.0,0.0,0.0,0.0
2025-11-04 12:00:00,1.8245196365002663,0.0,-0.8979,0.0,-0.6931471805599453,-0.14202477285640214,-1.3117766238825155,-0.41615818557943385,1.5144863921944225,0.8979,0.0,0.0,0.0,0.8979,0.0,0.0,0.0,1.0,0.0,0.0,0.0,0.6931471805599453,0.0,0.0,0.0
2025-11-04 13:00:00,-0.5111238225360175,0.0,0.0,0.0,0.0,1.8245196365002663,-0.14202477285640214,-1.3117766238825155,-0.41615818557943385,0.0,0.8979,0.0,0.0,-0.8979,0.8979,0.0,0.0,0.0,1.0,0.0,0.0,-0.6931471805599453,0.6931471805599453,0.0,0.0
2025-11-04 14:00:00,0.5640590449216933,0.0,0.0,0.0,0.0,-0.5111238225360175,1.8245196365002663,-0.14202477285640214,-1.3117766238825155,0.0,0.0,0.8979,0.0,0.0,-0.8979,0.8979,0.0,0.0,0.0,1.0,0.0,0.0,-0.6931471805599453,0.6931471805599453,0.0
2025-11-04 15:00:00,-0.4495002081725836,0.0,0.0,0.0,0.0,0.5640590449216933,-0.5111238225360175,1.8245196365002663,-0.14202477285640214,0.0,0.0,0.0,0.8979,0.0,0.0,-0.8979,0.8979,0.0,0.0,0.0,1.0,0.0,0.0,-0.6931471805599453,0.6931471805599453
2025-11-04 16:00:00,0.46376988497740257,0.0,0.0,0.0,0.0,-0.4495002081725836,0.5640590449216933,-0.5111238225360175,1.8245196365002663,0.0,0.0,0.0,0.0,0.0,0.0,0.0,-0.8979,0.0,0.0,0.0,0.0,0.0,0.0,0.0,-0.6931471805599453
2025-11-04 17:00:00,0.6310829695183138,0.0,0.0,0.0,0.0,0.46376988497740257,-0.4495002081725836,0.5640590449216933,-0.5111238225360175,0.0,0.0,0.0,0.0,0.0,0.0,0.0,0.0,0.0,0.0,0.0,0.0,0.0,0.0,0.0,0.0
2025-11-04 18:00:00,0.249423438258372,0.0,0.0,0.0,0.0,0.6310829695183138,0.46376988497740257,-0.4495002081725836,0.5640590449216933,0.0,0.0,0.0,0.0,0.0,0.0,0.0,0.0,0.0,0.0,0.0,0.0,0.0,0.0,0.0,0.0
2025-11-04 19:00:00,-0.12180851485876865,0.0,0.0,0.0,0.0,0.249423438258372,0.6310829695183138,0.46376988497740257,-0.4495002081725836,0.0,0.0,0.0,0.0,0.0,0.0,0.0,0.0,0.0,0.0,0.0,0.0,0.0,0.0,0.0,0.0
2025-11-04 20:00:00,-0.6890632986710195,0.0,0.0,0.0,0.0,-0.12180851485876865,0.249423438258372,0.6310829695183138,0.46376988497740257,0.0,0.0,0.0,0.0,0.0,0.0,0.0,0.0,0.0,0.0,0.0,0.0,0.0,0.0,0.0,0.0
2025-11-04 21:00:00,-0.04264921496908336,0.0,0.0,0.0,0.0,-0.6890632986710195,-0.12180851485876865,0.249423438258372,0.6310829695183138,0.0,0.0,0.0,0.0,0.0,0.0,0.0,0.0,0.0,0.0,0.0,0.0,0.0,0.0,0.0,0.0
2025-11-04 22:00:00,0.17352714575638828,0.0,0.0,0.0,0.0,-0.04264921496908336,-0.6890632986710195,-0.12180851485876865,0.249423438258372,0.0,0.0,0.0,0.0,0.0,0.0,0.0,0.0,0.0,0.0,0.0,0.0,0.0,0.0,0.0,0.0
2025-11-04 23:00:00,0.0245567459480025,0.0,0.0,0.0,0.0,0.17352714575638828,-0.04264921496908336,-0.6890632986710195,-0.12180851485876865,0.0,0.0,0.0,0.0,0.0,0.0,0.0,0.0,0.0,0.0,0.0,0.0,0.0,0.0,0.0,0.0
2025-11-05 00:00:00,0.4956638581087933,0.0,0.0,0.0,0.0,0.0245567459480025,0.17352714575638828,-0.04264921496908336,-0.6890632986710195,0.0,0.0,0.0,0.0,0.0,0.0,0.0,0.0,0.0,0.0,0.0,0.0,0.0,0.0,0.0,0.0
2025-11-05 01:00:00,-0.6986222000713465,0.0,0.0,0.0,0.0,0.4956638581087933,0.0245567459480025,0.17352714575638828,-0.04264921496908336,0.0,0.0,0.0,0.0,0.0,0.0,0.0,0.0,0.0,0.0,0.0,0.0,0.0,0.0,0.0,0.0
2025-11-05 02:00:00,1.586981659772988,0.0,0.0,0.0,0.0,-0.6986222000713465,0.4956638581087933,0.0245567459480025,0.17352714575638828,0.0,0.0,0.0,0.0,0.0,0.0,0.0,0.0,0.0,0.0,0.0,0.0,0.0,0.0,0.0,0.0
2025-11-05 03:00:00,1.9208453141661597,-0.6908,-0.6908,1.0,0.6931471805599453,1.586981659772988,-0.6986222000713465,0.4956638581087933,0.0245567459480025,0.0,0.0,0.0,0.0,0.0,0.0,0.0,0.0,0.0,0.0,0.0,0.0,0.0,0.0,0.0,0.0
2025-11-05 04:00:00,-3.642641551639681,0.0,0.6908,0.0,-0.6931471805599453,1.9208453141661597,1.586981659772988,-0.6986222000713465,0.4956638581087933,-0.6908,0.0,0.0,0.0,-0.6908,0.0,0.0,0.0,1.0,0.0,0.0,0.0,0.6931471805599453,0.0,0.0,0.0
2025-11-05 05:00:00,-0.6782855706016591,0.0,0.0,0.0,0.0,-3.642641551639681,1.9208453141661597,1.586981659772988,-0.6986222000713465,0.0,-0.6908,0.0,0.0,0.6908,-0.6908,0.0,0.0,0.0,1.0,0.0,0.0,-0.6931471805599453,0.6931471805599453,0.0,0.0
2025-11-05 06:00:00,-0.7911281691599115,0.0,0.0,0.0,0.0,-0.6782855706016591,-3.642641551639681,1.9208453141661597,1.586981659772988,0.0,0.0,-0.6908,0.0,0.0,0.6908,-0.6908,0.0,0.0,0.0,1.0,0.0,0.0,-0.6931471805599453,0.6931471805599453,0.0
2025-11-05 07:00:00,-0.6765315597546806,0.0,0.0,0.0,0.0,-0.7911281691599115,-0.6782855706016591,-3.642641551639681,1.9208453141661597,0.0,0.0,0.0,-0.6908,0.0,0.0,0.6908,-0.6908,0.0,0.0,0.0,1.0,0.0,0.0,-0.6931471805599453,0.6931471805599453
2025-11-05 08:00:00,-1.0991260312943592,0.0,0.0,0.0,0.0,-0.6765315597546806,-0.7911281691599115,-0.6782855706016591,-3.642641551639681,0.0,0.0,0.0,0.0,0.0,0.0,0.0,0.6908,0.0,0.0,0.0,0.0,0.0,0.0,0.0,-0.6931471805599453
2025-11-05 09:00:00,1.2289160560473995,0.0,0.0,0.0,0.0,-1.0991260312943592,-0.6765315597546806,-0.7911281691599115,-0.6782855706016591,0.0,0.0,0.0,0.0,0.0,0.0,0.0,0.0,0.0,0.0,0.0,0.0,0.0,0.0,0.0,0.0
2025-11-05 10:00:00,-2.415988963444499,0.0,0.0,0.0,0.0,1.2289160560473995,-1.0991260312943592,-0.6765315597546806,-0.7911281691599115,0.0,0.0,0.0,0.0,0.0,0.0,0.0,0.0,0.0,0.0,0.0,0.0,0.0,0.0,0.0,0.0
2025-11-05 11:00:00,1.8620707694513667,0.0,0.0,0.0,0.0,-2.415988963444499,1.2289160560473995,-1.0991260312943592,-0.6765315597546806,0.0,0.0,0.0,0.0,0.0,0.0,0.0,0.0,0.0,0.0,0.0,0.0,0.0,0.0,0.0,0.0
2025-11-05 12:00:00,0.38609148349198463,0.0,0.0,0.0,0.0,1.8620707694513667,-2.415988963444499,1.2289160560473995,-1.0991260312943592,0.0,0.0,0.0,0.0,0.0,0.0,0.0,0.0,0.0,0.0,0.0,0.0,0.0,0.0,0.0,0.0
2025-11-05 13:00:00,-0.14310426366594875,0.0,0.0,0.0,0.0,0.38609148349198463,1.8620707694513667,-2.415988963444499,1.2289160560473995,0.0,0.0,0.0,0.0,0.0,0.0,0.0,0.0,0.0,0.0,0.0,0.0,0.0,0.0,0.0,0.0
2025-11-05 14:00:00,1.9632595616683481,0.6369,0.6369,1.0,0.6931471805599453,-0.14310426366594875,0.38609148349198463,1.8620707694513667,-2.415988963444499,0.0,0.0,0.0,0.0,0.0,0.0,0.0,0.0,0.0,0.0,0.0,0.0,0.0,0.0,0.0,0.0
2025-11-05 15:00:00,-1.2677553396400363,0.234,-0.40290000000000004,1.0,0.0,1.9632595616683481,-0.14310426366594875,0.38609148349198463,1.8620707694513667,0.6369,0.0,0.0,0.0,0.6369,0.0,0.0,0.0,1.0,0.0,0.0,0.0,0.6931471805599453,0.0,0.0,0.0
2025-11-05 16:00:00,0.5593452301093507,0.7344,0.5004000000000001,1.0,0.0,-1.2677553396400363,1.9632595616683481,-0.14310426366594875,0.38609148349198463,0.234,0.6369,0.0,0.0,-0.40290000000000004,0.6369,0.0,0.0,1.0,1.0,0.0,0.0,0.0,0.6931471805599453,0.0,0.0
2025-11-05 17:00:00,-0.5883192195088682,0.0,-0.7344,0.0,-0.6931471805599453,0.5593452301093507,-1.2677553396400363,1.9632595616683481,-0.14310426366594875,0.7344,0.234,0.6369,0.0,0.5004000000000001,-0.40290000000000004,0.6369,0.0,1.0,1.0,1.0,0.0,0.0,0.0,0.6931471805599453,0.0
2025-11-05 18:00:00,-0.8752474879258756,0.1332499999999999,0.1332499999999999,2.0,1.0986122886681098,-0.5883192195088682,0.5593452301093507,-1.2677553396400363,1.9632595616683481,0.0,0.7344,0.234,0.6369,-0.7344,0.5004000000000001,-0.40290000000000004,0.6369,0.0,1.0,1.0,1.0,-0.6931471805599453,0.0,0.0,0.6931471805599453
2025-11-05 19:00:00,2.210944299417262,0.0,-0.1332499999999999,0.0,-1.0986122886681098,-0.8752474879258756,-0.5883192195088682,0.5593452301093507,-1.2677553396400363,0.1332499999999999,0.0,0.7344,0.234,0.1332499999999999,-0.7344,0.5004000000000001,-0.40290000000000004,2.0,0.0,1.0,1.0,1.0986122886681098,-0.6931471805599453,0.0,0.0
2025-11-05 20:00:00,-1.488430411099845,0.0,0.0,0.0,0.0,2.210944299417262,-0.8752474879258756,-0.5883192195088682,0.5593452301093507,0.0,0.1332499999999999,0.0,0.7344,-0.1332499999999999,0.1332499999999999,-0.7344,0.5004000000000001,0.0,2.0,0.0,1.0,-1.0986122886681098,1.0986122886681098,-0.6931471805599453,0.0
2025-11-05 21:00:00,-0.8185701905330713,-0.5719,-0.5719,1.0,0.6931471805599453,-1.488430411099845,2.210944299417262,-0.8752474879258756,-0.5883192195088682,0.0,0.0,0.1332499999999999,0.0,0.0,-0.1332499999999999,0.1332499999999999,-0.7344,0.0,0.0,2.0,0.0,0.0,-1.0986122886681098,1.0986122886681098,-0.6931471805599453
2025-11-05 22:00:00,0.8303161878323682,0.0,0.5719,0.0,-0.6931471805599453,-0.8185701905330713,-1.488430411099845,2.210944299417262,-0.8752474879258756,-0.5719,0.0,0.0,0.1332499999999999,-0.5719,0.0,-0.1332499999999999,0.1332499999999999,1.0,0.0,0.0,2.0,0.6931471805599453,0.0,-1.0986122886681098,1.0986122886681098
2025-11-05 23:00:00,-1.2223387934714225,0.0,0.0,0.0,0.0,0.8303161878323682,-0.8185701905330713,-1.488430411099845,2.210944299417262,0.0,-0.5719,0.0,0.0,0.5719,-0.5719,0.0,-0.1332499999999999,0.0,1.0,0.0,0.0,-0.6931471805599453,0.6931471805599453,0.0,-1.0986122886681098
2025-11-06 00:00:00,1.8016985848096922,0.0,0.0,0.0,0.0,-1.2223387934714225,0.8303161878323682,-0.8185701905330713,-1.488430411099845,0.0,0.0,-0.5719,0.0,0.0,0.5719,-0.5719,0.0,0.0,0.0,1.0,0.0,0.0,-0.6931471805599453,0.6931471805599453,0.0
2025-11-06 01:00:00,-1.274267696071254,0.0,0.0,0.0,0.0,1.8016985848096922,-1.2223387934714225,0.8303161878323682,-0.8185701905330713,0.0,0.0,0.0,-0.5719,0.0,0.0,0.5719,-0.5719,0.0,0.0,0.0,1.0,0.0,0.0,-0.6931471805599453,0.6931471805599453
2025-11-06 02:00:00,-0.22381222402384537,0.0,0.0,0.0,0.0,-1.274267696071254,1.8016985848096922,-1.2223387934714225,0.8303161878323682,0.0,0.0,0.0,0.0,0.0,0.0,0.0,0.5719,0.0,0.0,0.0,0.0,0.0,0.0,0.0,-0.6931471805599453
2025-11-06 03:00:00,0.9185077919899207,0.0,0.0,0.0,0.0,-0.22381222402384537,-1.274267696071254,1.8016985848096922,-1.2223387934714225,0.0,0.0,0.0,0.0,0.0,0.0,0.0,0.0,0.0,0.0,0.0,0.0,0.0,0.0,0.0,0.0
2025-11-06 04:00:00,-0.7029330981481721,0.0,0.0,0.0,0.0,0.9185077919899207,-0.22381222402384537,-1.274267696071254,1.8016985848096922,0.0,0.0,0.0,0.0,0.0,0.0,0.0,0.0,0.0,0.0,0.0,0.0,0.0,0.0,0.0,0.0
2025-11-06 05:00:00,-0.7555272175918013,0.0,0.0,0.0,0.0,-0.7029330981481721,0.9185077919899207,-0.22381222402384537,-1.274267696071254,0.0,0.0,0.0,0.0,0.0,0.0,0.0,0.0,0.0,0.0,0.0,0.0,0.0,0.0,0.0,0.0
2025-11-06 06:00:00,0.7944627454139308,0.0,0.0,0.0,0.0,-0.7555272175918013,-0.7029330981481721,0.9185077919899207,-0.22381222402384537,0.0,0.0,0.0,0.0,0.0,0.0,0.0,0.0,0.0,0.0,0.0,0.0,0.0,0.0,0.0,0.0
2025-11-06 07:00:00,-1.7622046720133913,0.0,0.0,0.0,0.0,0.7944627454139308,-0.7555272175918013,-0.7029330981481721,0.9185077919899207,0.0,0.0,0.0,0.0,0.0,0.0,0.0,0.0,0.0,0.0,0.0,0.0,0.0,0.0,0.0,0.0
2025-11-06 08:00:00,-0.12644557608829388,0.0,0.0,0.0,0.0,-1.7622046720133913,0.7944627454139308,-0.7555272175918013,-0.7029330981481721,0.0,0.0,0.0,0.0,0.0,0.0,0.0,0.0,0.0,0.0,0.0,0.0,0.0,0.0,0.0,0.0
2025-11-06 09:00:00,-3.1319943095760463,0.0,0.0,0.0,0.0,-0.12644557608829388,-1.7622046720133913,0.7944627454139308,-0.7555272175918013,0.0,0.0,0.0,0.0,0.0,0.0,0.0,0.0,0.0,0.0,0.0,0.0,0.0,0.0,0.0,0.0
2025-11-06 10:00:00,-4.718498871295094,0.0,0.0,0.0,0.0,-3.1319943095760463,-0.12644557608829388,-1.7622046720133913,0.7944627454139308,0.0,0.0,0.0,0.0,0.0,0.0,0.0,0.0,0.0,0.0,0.0,0.0,0.0,0.0,0.0,0.0
2025-11-06 11:00:00,10.058609189403429,0.0,0.0,0.0,0.0,-4.718498871295094,-3.1319943095760463,-0.12644557608829388,-1.7622046720133913,0.0,0.0,0.0,0.0,0.0,0.0,0.0,0.0,0.0,0.0,0.0,0.0,0.0,0.0,0.0,0.0
2025-11-06 12:00:00,-2.148752522134026,0.0,0.0,0.0,0.0,10.058609189403429,-4.718498871295094,-3.1319943095760463,-0.12644557608829388,0.0,0.0,0.0,0.0,0.0,0.0,0.0,0.0,0.0,0.0,0.0,0.0,0.0,0.0,0.0,0.0
2025-11-06 13:00:00,2.0510975849150546,0.0,0.0,0.0,0.0,-2.148752522134026,10.058609189403429,-4.718498871295094,-3.1319943095760463,0.0,0.0,0.0,0.0,0.0,0.0,0.0,0.0,0.0,0.0,0.0,0.0,0.0,0.0,0.0,0.0
2025-11-06 14:00:00,1.6613187696210527,0.0,0.0,0.0,0.0,2.0510975849150546,-2.148752522134026,10.058609189403429,-4.718498871295094,0.0,0.0,0.0,0.0,0.0,0.0,0.0,0.0,0.0,0.0,0.0,0.0,0.0,0.0,0.0,0.0
2025-11-06 15:00:00,-2.30083860232374,0.0,0.0,0.0,0.0,1.6613187696210527,2.0510975849150546,-2.148752522134026,10.058609189403429,0.0,0.0,0.0,0.0,0.0,0.0,0.0,0.0,0.0,0.0,0.0,0.0,0.0,0.0,0.0,0.0
2025-11-06 16:00:00,0.6221868907940031,0.0,0.0,0.0,0.0,-2.30083860232374,1.6613187696210527,2.0510975849150546,-2.148752522134026,0.0,0.0,0.0,0.0,0.0,0.0,0.0,0.0,0.0,0.0,0.0,0.0,0.0,0.0,0.0,0.0
2025-11-06 17:00:00,-0.08366775976337415,0.0,0.0,1.0,0.6931471805599453,0.6221868907940031,-2.30083860232374,1.6613187696210527,2.0510975849150546,0.0,0.0,0.0,0.0,0.0,0.0,0.0,0.0,0.0,0.0,0.0,0.0,0.0,0.0,0.0,0.0
