timestamp,yes_bid.close_dollars,volume,open_interest,mean_compound,n_comments,price_change,log_volume_change,oi_change,sentiment_change,log_comments_change,candidate
2025-11-02 02:00:00,0.92,44813.0,15705490.0,0.8386,1.0,,,,,,mamdani
2025-11-02 03:00:00,0.92,19927.0,15723935.0,0.0,0.0,0.0,-0.8103948126431053,18445.0,-0.8386,-0.6931471805599453,mamdani
2025-11-02 04:00:00,0.91,111364.0,15819468.0,0.0,0.0,-0.010000000000000009,1.7206873170435681,95533.0,0.0,0.0,mamdani
2025-11-02 05:00:00,0.91,13368.0,15821694.0,0.0,0.0,0.0,-2.119874501002462,2226.0,0.0,0.0,mamdani
2025-11-02 06:00:00,0.92,27223.0,15830124.0,0.0,0.0,0.010000000000000009,0.7111603431976192,8430.0,0.0,0.0,mamdani
2025-11-02 07:00:00,0.92,15033.0,15843428.0,0.0,0.0,0.0,-0.5937846344433275,13304.0,0.0,0.0,mamdani
2025-11-02 08:00:00,0.92,3992.0,15847083.0,0.0,0.0,0.0,-1.3257714746741929,3655.0,0.0,0.0,mamdani
2025-11-02 09:00:00,0.92,8913.0,15850442.0,0.0,0.0,0.0,0.8030802464432796,3359.0,0.0,0.0,mamdani
2025-11-02 10:00:00,0.92,8023.0,15857525.0,0.0,0.0,0.0,-0.10518602386472864,7083.0,0.0,0.0,mamdani
2025-11-02 11:00:00,0.92,3003.0,15859977.0,0.0,0.0,0.0,-0.982492316757746,2452.0,0.0,0.0,mamdani
2025-11-02 12:00:00,0.92,9362.0,15867251.0,0.0,0.0,0.0,1.1368210180548637,7274.0,0.0,0.0,mamdani
2025-11-02 13:00:00,0.92,4495.0,15869332.0,0.0,0.0,0.0,-0.7335776393653628,2081.0,0.0,0.0,mamdani
2025-11-02 14:00:00,0.92,10558.0,15878923.0,0.0,0.0,0.0,0.8537904642329881,9591.0,0.0,0.0,mamdani
2025-11-02 15:00:00,0.92,34660.0,15902931.0,0.0,0.0,0.0,1.1886365587491294,24008.0,0.0,0.0,mamdani
2025-11-02 16:00:00,0.91,24011.0,15920848.0,0.0,0.0,-0.010000000000000009,-0.36706143018391124,17917.0,0.0,0.0,mamdani
2025-11-02 17:00:00,0.91,18083.0,15924185.0,0.0,0.0,0.0,-0.28352613595723675,3337.0,0.0,0.0,mamdani
2025-11-02 18:00:00,0.91,81294.0,15931812.0,0.0,0.0,0.0,1.5030569446151585,7627.0,0.0,0.0,mamdani
2025-11-02 19:00:00,0.91,20860.0,15947495.0,0.0,0.0,0.0,-1.3602031269853683,15683.0,0.0,0.0,mamdani
2025-11-02 20:00:00,0.91,39511.0,15982706.0,0.0,0.0,0.0,0.6387230361761738,35211.0,0.0,0.0,mamdani
2025-11-02 21:00:00,0.91,68555.0,16050452.0,0.0,0.0,0.0,0.5510465062920016,67746.0,0.0,0.0,mamdani
2025-11-02 22:00:00,0.91,33290.0,16082645.0,0.0,0.0,0.0,-0.7223638393437888,32193.0,0.0,0.0,mamdani
2025-11-02 23:00:00,0.91,18462.0,16100355.0,0.0,0.0,0.0,-0.5895183607729297,17710.0,0.0,0.0,mamdani
2025-11-03 00:00:00,0.91,69690.0,16147710.0,0.0,0.0,0.0,1.3283024551948852,47355.0,0.0,0.0,mamdani
2025-11-03 01:00:00,0.91,53961.0,16193609.0,0.0,0.0,0.0,-0.25579108946359064,45899.0,0.0,0.0,mamdani
2025-11-03 02:00:00,0.91,91468.0,16280383.0,0.0,0.0,0.0,0.5277200219174212,86774.0,0.0,0.0,mamdani
2025-11-03 03:00:00,0.92,216837.0,16422791.0,0.0,0.0,0.010000000000000009,0.8631504138967614,142408.0,0.0,0.0,mamdani
2025-11-03 04:00:00,0.92,17249.0,16439037.0,0.0,0.0,0.0,-2.531338387481714,16246.0,0.0,0.0,mamdani
2025-11-03 05:00:00,0.92,53255.0,16489743.0,0.0,0.0,0.0,1.1272983308210325,50706.0,0.0,0.0,mamdani
2025-11-03 06:00:00,0.92,12739.0,16500062.0,0.0,0.0,0.0,-1.4303638241543855,10319.0,0.0,0.0,mamdani
2025-11-03 07:00:00,0.92,6671.0,16503131.0,0.0,0.0,0.0,-0.6468269850875714,3069.0,0.0,0.0,mamdani
2025-11-03 08:00:00,0.92,13210.0,16515410.0,0.0,0.0,0.0,0.6831301508397711,12279.0,0.0,0.0,mamdani
2025-11-03 09:00:00,0.92,35641.0,16550236.0,0.0,0.0,0.0,0.9924749018546919,34826.0,0.0,0.0,mamdani
2025-11-03 10:00:00,0.92,2080.0,16551912.0,0.0,0.0,0.0,-2.840676170339411,1676.0,0.0,0.0,mamdani
2025-11-03 11:00:00,0.92,51391.0,16602592.0,0.0,0.0,0.0,3.2066339709128,50680.0,0.0,0.0,mamdani
2025-11-03 12:00:00,0.92,13504.0,16615411.0,0.0,0.0,0.0,-1.3364225310797178,12819.0,0.0,0.0,mamdani
2025-11-03 13:00:00,0.92,24683.0,16634794.0,0.0,0.0,0.0,0.6030952732142421,19383.0,0.0,0.0,mamdani
2025-11-03 14:00:00,0.92,79191.0,16704160.0,0.0,0.0,0.0,1.1657200231586842,69366.0,0.0,0.0,mamdani
2025-11-03 15:00:00,0.93,772778.0,16735476.0,0.0,0.0,0.010000000000000009,2.2781178249985423,31316.0,0.0,0.0,mamdani
2025-11-03 16:00:00,0.93,47246.0,16781890.0,0.0,0.0,0.0,-2.794603948755494,46414.0,0.0,0.0,mamdani
2025-11-03 17:00:00,0.93,108271.0,16879645.0,0.0,0.0,0.0,0.8292574196293163,97755.0,0.0,0.0,mamdani
2025-11-03 18:00:00,0.93,100233.0,16887547.0,0.0,0.0,0.0,-0.07713912703829173,7902.0,0.0,0.0,mamdani
2025-11-03 19:00:00,0.91,332842.0,16989421.0,0.0,0.0,-0.020000000000000018,1.2001634548797746,101874.0,0.0,0.0,mamdani
2025-11-03 20:00:00,0.9,188015.0,17080068.0,0.0,0.0,-0.010000000000000009,-0.571143841739767,90647.0,0.0,0.0,mamdani
2025-11-03 21:00:00,0.89,552952.0,17449173.0,0.0,0.0,-0.010000000000000009,1.0787459413604044,369105.0,0.0,0.0,mamdani
2025-11-03 22:00:00,0.89,241668.0,17663972.0,0.0,0.0,0.0,-0.8277039856396229,214799.0,0.0,0.0,mamdani
2025-11-03 23:00:00,0.89,594146.0,17837671.0,0.0,0.0,0.0,0.899557742180928,173699.0,0.0,0.0,mamdani
2025-11-04 00:00:00,0.89,174203.0,17945467.0,0.0,0.0,0.0,-1.2268997372260042,107796.0,0.0,0.0,mamdani
2025-11-04 01:00:00,0.89,233521.0,18083198.0,0.0,0.0,0.0,0.29304926481880145,137731.0,0.0,0.0,mamdani
2025-11-04 02:00:00,0.89,152920.0,18139569.0,0.0,0.0,0.0,-0.4233548429122731,56371.0,0.0,0.0,mamdani
2025-11-04 03:00:00,0.89,153514.0,18248373.0,0.0,0.0,0.0,0.0038768339488637338,108804.0,0.0,0.0,mamdani
2025-11-04 04:00:00,0.88,446490.0,18456503.0,0.0,0.0,-0.010000000000000009,1.0676209612158036,208130.0,0.0,0.0,mamdani
2025-11-04 05:00:00,0.88,180260.0,18629770.0,0.0,0.0,0.0,-0.9070134426831711,173267.0,0.0,0.0,mamdani
2025-11-04 06:00:00,0.88,151371.0,18774840.0,0.0,0.0,0.0,-0.1746654173104023,145070.0,0.0,0.0,mamdani
2025-11-04 07:00:00,0.88,48114.0,18820279.0,0.0,0.0,0.0,-1.14614640453655,45439.0,0.0,0.0,mamdani
2025-11-04 08:00:00,0.88,218782.0,18946709.0,0.0,0.0,0.0,1.5144863921944225,126430.0,0.0,0.0,mamdani
2025-11-04 09:00:00,0.88,144303.0,19080623.0,0.0,0.0,0.0,-0.41615818557943385,133914.0,0.0,0.0,mamdani
2025-11-04 10:00:00,0.88,38866.0,19119473.0,0.0,0.0,0.0,-1.3117766238825155,38850.0,0.0,0.0,mamdani
2025-11-04 11:00:00,0.88,33720.0,19150688.0,0.8979,1.0,0.0,-0.14202477285640214,31215.0,0.8979,0.6931471805599453,mamdani
2025-11-04 12:00:00,0.88,209063.0,19358089.0,0.0,0.0,0.0,1.8245196365002663,207401.0,-0.8979,-0.6931471805599453,mamdani
2025-11-04 13:00:00,0.89,125400.0,19415541.0,0.0,0.0,0.010000000000000009,-0.5111238225360175,57452.0,0.0,0.0,mamdani
2025-11-04 14:00:00,0.89,220428.0,19576433.0,0.0,0.0,0.0,0.5640590449216933,160892.0,0.0,0.0,mamdani
2025-11-04 15:00:00,0.89,140621.0,19665809.0,0.0,0.0,0.0,-0.4495002081725836,89376.0,0.0,0.0,mamdani
2025-11-04 16:00:00,0.89,223596.0,19786070.0,0.0,0.0,0.0,0.46376988497740257,120261.0,0.0,0.0,mamdani
2025-11-04 17:00:00,0.89,420282.0,19907467.0,0.0,0.0,0.0,0.6310829695183138,121397.0,0.0,0.0,mamdani
2025-11-04 18:00:00,0.91,539342.0,20163032.0,0.0,0.0,0.020000000000000018,0.249423438258372,255565.0,0.0,0.0,mamdani
2025-11-04 19:00:00,0.92,477489.0,20418394.0,0.0,0.0,0.010000000000000009,-0.12180851485876865,255362.0,0.0,0.0,mamdani
2025-11-04 20:00:00,0.92,239721.0,20588270.0,0.0,0.0,0.0,-0.6890632986710195,169876.0,0.0,0.0,mamdani
2025-11-04 21:00:00,0.92,229712.0,20756430.0,0.0,0.0,0.0,-0.04264921496908336,168160.0,0.0,0.0,mamdani
2025-11-04 22:00:00,0.93,273241.0,20879419.0,0.0,0.0,0.010000000000000009,0.17352714575638828,122989.0,0.0,0.0,mamdani
2025-11-04 23:00:00,0.93,280034.0,20973838.0,0.0,0.0,0.0,0.0245567459480025,94419.0,0.0,0.0,mamdani
2025-11-05 00:00:00,0.93,459701.0,21082085.0,0.0,0.0,0.0,0.4956638581087933,108247.0,0.0,0.0,mamdani
2025-11-05 01:00:00,0.93,228595.0,21179423.0,0.0,0.0,0.0,-0.6986222000713465,97338.0,0.0,0.0,mamdani
2025-11-05 02:00:00,0.97,1117598.0,22000660.0,0.0,0.0,0.039999999999999925,1.586981659772988,821237.0,0.0,0.0,mamdani
2025-11-05 03:00:00,0.99,7629542.0,24782634.0,-0.6908,1.0,0.020000000000000018,1.9208453141661597,2781974.0,-0.6908,0.6931471805599453,mamdani
2025-11-05 04:00:00,0.99,199764.0,24824560.0,0.0,0.0,0.0,-3.642641551639681,41926.0,0.6908,-0.6931471805599453,mamdani
2025-11-05 05:00:00,0.99,101377.0,24836290.0,0.0,0.0,0.0,-0.6782855706016591,11730.0,0.0,0.0,mamdani
2025-11-05 06:00:00,0.99,45957.0,24838741.0,0.0,0.0,0.0,-0.7911281691599115,2451.0,0.0,0.0,mamdani
2025-11-05 07:00:00,0.99,23363.0,24845069.0,0.0,0.0,0.0,-0.6765315597546806,6328.0,0.0,0.0,mamdani
2025-11-05 08:00:00,0.99,7783.0,24845069.0,0.0,0.0,0.0,-1.0991260312943592,0.0,0.0,0.0,mamdani
2025-11-05 09:00:00,0.99,26601.0,24846901.0,0.0,0.0,0.0,1.2289160560473995,1832.0,0.0,0.0,mamdani
2025-11-05 10:00:00,0.99,2374.0,24846901.0,0.0,0.0,0.0,-2.415988963444499,0.0,0.0,0.0,mamdani
2025-11-05 11:00:00,0.99,15287.0,24850644.0,0.0,0.0,0.0,1.8620707694513667,3743.0,0.0,0.0,mamdani
2025-11-05 12:00:00,0.99,22491.0,24850660.0,0.0,0.0,0.0,0.38609148349198463,16.0,0.0,0.0,mamdani
2025-11-05 13:00:00,0.99,19492.0,24850661.0,0.0,0.0,0.0,-0.14310426366594875,1.0,0.0,0.0,mamdani
2025-11-05 14:00:00,0.99,138838.0,24851576.0,0.6369,1.0,0.0,1.9632595616683481,915.0,0.6369,0.6931471805599453,mamdani
2025-11-05 15:00:00,0.99,39077.0,24851576.0,0.234,1.0,0.0,-1.2677553396400363,0.0,-0.40290000000000004,0.0,mamdani
2025-11-05 16:00:00,0.99,68367.0,24853913.0,0.7344,1.0,0.0,0.5593452301093507,2337.0,0.5004000000000001,0.0,mamdani
2025-11-05 17:00:00,0.99,37961.0,24859342.0,0.0,0.0,0.0,-0.5883192195088682,5429.0,-0.7344,-0.6931471805599453,mamdani
2025-11-05 18:00:00,0.99,15820.0,24859809.0,0.1332499999999999,2.0,0.0,-0.8752474879258756,467.0,0.1332499999999999,1.0986122886681098,mamdani
2025-11-05 19:00:00,0.99,144355.0,24859883.0,0.0,0.0,0.0,2.210944299417262,74.0,-0.1332499999999999,-1.0986122886681098,mamdani
2025-11-05 20:00:00,0.99,32584.0,24860799.0,0.0,0.0,0.0,-1.488430411099845,916.0,0.0,0.0,mamdani
2025-11-05 21:00:00,0.99,14371.0,24860985.0,-0.5719,1.0,0.0,-0.8185701905330713,186.0,-0.5719,0.6931471805599453,mamdani
2025-11-05 22:00:00,0.99,32969.0,24861452.0,0.0,0.0,0.0,0.8303161878323682,467.0,0.5719,-0.6931471805599453,mamdani
2025-11-05 23:00:00,0.99,9710.0,24861545.0,0.0,0.0,0.0,-1.2223387934714225,93.0,0.0,0.0,mamdani
2025-11-06 00:00:00,0.99,58847.0,24862480.0,0.0,0.0,0.0,1.8016985848096922,935.0,0.0,0.0,mamdani
2025-11-06 01:00:00,0.99,16455.0,24862574.0,0.0,0.0,0.0,-1.274267696071254,94.0,0.0,0.0,mamdani
2025-11-06 02:00:00,0.99,13155.0,24862667.0,0.0,0.0,0.0,-0.22381222402384537,93.0,0.0,0.0,mamdani
2025-11-06 03:00:00,0.99,32962.0,24866829.0,0.0,0.0,0.0,0.9185077919899207,4162.0,0.0,0.0,mamdani
2025-11-06 04:00:00,0.99,16320.0,24866829.0,0.0,0.0,0.0,-0.7029330981481721,0.0,0.0,0.0,mamdani
2025-11-06 05:00:00,0.99,7666.0,24866829.0,0.0,0.0,0.0,-0.7555272175918013,0.0,0.0,0.0,mamdani
2025-11-06 06:00:00,0.99,16968.0,24876004.0,0.0,0.0,0.0,0.7944627454139308,9175.0,0.0,0.0,mamdani
2025-11-06 07:00:00,0.99,2912.0,24876424.0,0.0,0.0,0.0,-1.7622046720133913,420.0,0.0,0.0,mamdani
2025-11-06 08:00:00,0.99,2566.0,24876424.0,0.0,0.0,0.0,-0.12644557608829388,0.0,0.0,0.0,mamdani
2025-11-06 09:00:00,0.99,111.0,24876424.0,0.0,0.0,0.0,-3.1319943095760463,0.0,0.0,0.0,mamdani
2025-11-06 10:00:00,0.99,0.0,24876424.0,0.0,0.0,0.0,-4.718498871295094,0.0,0.0,0.0,mamdani
2025-11-06 11:00:00,0.99,23355.0,24876425.0,0.0,0.0,0.0,10.058609189403429,1.0,0.0,0.0,mamdani
2025-11-06 12:00:00,0.99,2723.0,24876518.0,0.0,0.0,0.0,-2.148752522134026,93.0,0.0,0.0,mamdani
2025-11-06 13:00:00,0.99,21182.0,24876527.0,0.0,0.0,0.0,2.0510975849150546,9.0,0.0,0.0,mamdani
2025-11-06 14:00:00,0.99,111554.0,24876527.0,0.0,0.0,0.0,1.6613187696210527,0.0,0.0,0.0,mamdani
2025-11-06 15:00:00,0.99,11174.0,24876527.0,0.0,0.0,0.0,-2.30083860232374,0.0,0.0,0.0,mamdani
2025-11-06 16:00:00,0.99,20818.0,24876713.0,0.0,0.0,0.0,0.6221868907940031,186.0,0.0,0.0,mamdani
2025-11-06 17:00:00,0.99,19147.0,24876806.0,0.0,1.0,0.0,-0.08366775976337415,93.0,0.0,0.6931471805599453,mamdani
