subreddit,candidate,y,x,n,r_squared,adj_r_squared,aic,bic,joint_f_stat,joint_f_pvalue
newyork,sliwa,price_change,mean_compound,8373,0.01830201811665122,0.01547969521713033,-85293.2348283759,-85117.41564032079,0.25588213651521124,0.995015074653359
newyork,sliwa,price_change,sentiment_change,8373,0.018291945239366836,0.015469593380927127,-85293.14891624167,-85117.32972818655,0.24874157940214345,0.995640994301607
newyork,sliwa,price_change,n_comments,8373,0.01842687499583584,0.01560491105236439,-85294.2998128777,-85118.48062482258,0.3444040360909848,0.9808891482406223
newyork,sliwa,price_change,log_comments_change,8373,0.019465655206193033,0.016646677693609058,-85303.16549189664,-85127.34630384152,1.0817596731216788,0.37058343368942537
newyork,sliwa,log_volume_change,mean_compound,8373,0.3885439269961468,0.3867860274091688,36419.263947067164,36595.08313512227,1.4057178584559633,0.15487478126952092
newyork,sliwa,log_volume_change,sentiment_change,8373,0.3890142377317032,0.38725769025992085,36412.82124874077,36588.64043679588,1.9422943977928118,0.02537031499543741
newyork,sliwa,log_volume_change,n_comments,8373,0.39077190962997543,0.3890204153596256,36388.69925249997,36564.51844055508,3.954952195796166,4.04853307563058e-06
newyork,sliwa,log_volume_change,log_comments_change,8373,0.39478508473360685,0.39304512810131254,36333.36122955483,36509.18041760994,8.594137371107527,1.752641448698857e-16
newyork,sliwa,oi_change,mean_compound,8373,0.10117742452484735,0.09859336345496195,168938.4306537753,169114.2498418304,4.093020347693458,2.0903084280881742e-06
newyork,sliwa,oi_change,sentiment_change,8373,0.10002796248921408,0.09744059678482275,168949.13164972546,169124.95083778058,3.1992734747190554,0.00013579475253383511
newyork,sliwa,oi_change,n_comments,8373,0.10950380113957814,0.10694367790375514,168860.5046233603,169036.3238114154,10.63595978005031,2.7783537776811893e-21
newyork,sliwa,oi_change,log_comments_change,8373,0.11099542482972025,0.10843958992266622,168846.46768865935,169022.28687671447,11.821035492192408,4.2364062900983995e-24
