subreddit,candidate,y,x,term,coef,stderr,tstat,pvalue
newsrelated,sliwa,oi_change,log_comments_change,const,826.1011260435828,195.17221293323192,4.2326779700253265,2.373230058058569e-05
newsrelated,sliwa,oi_change,log_comments_change,oi_change_lag1,0.15219762813358995,0.01739304941021286,8.750485584444005,3.3523054498546012e-18
newsrelated,sliwa,oi_change,log_comments_change,oi_change_lag2,0.11772843253967782,0.01758682108314813,6.6941280623185735,2.546160689635601e-11
newsrelated,sliwa,oi_change,log_comments_change,oi_change_lag3,0.009012905176892542,0.01769046855420957,0.5094780361115906,0.6104518231283842
newsrelated,sliwa,oi_change,log_comments_change,oi_change_lag4,0.06512879368004168,0.017678383781778967,3.684092080135156,0.00023326472458540284
newsrelated,sliwa,oi_change,log_comments_change,oi_change_lag5,0.008234491404500792,0.017712913119434,0.4648863430299441,0.6420440331292699
newsrelated,sliwa,oi_change,log_comments_change,oi_change_lag6,0.048613494005015634,0.017677637259335285,2.749999521533547,0.005992560424030551
newsrelated,sliwa,oi_change,log_comments_change,oi_change_lag7,0.007760595580335901,0.017636614279369328,0.4400275164725899,0.6599464745012881
newsrelated,sliwa,oi_change,log_comments_change,oi_change_lag8,-0.00039248586252976173,0.01764738668081566,-0.022240452347339915,0.9822575162465831
newsrelated,sliwa,oi_change,log_comments_change,oi_change_lag9,0.027279934776600977,0.017583005803191464,1.5514943850868455,0.12088073871424347
newsrelated,sliwa,oi_change,log_comments_change,oi_change_lag10,0.05818393106245341,0.017577300148827316,3.310174518828775,0.0009425663451127239
newsrelated,sliwa,oi_change,log_comments_change,oi_change_lag11,0.045974007510418344,0.017482206576219378,2.629759996827613,0.008584849463383067
newsrelated,sliwa,oi_change,log_comments_change,oi_change_lag12,0.12419287220346686,0.017279780607226986,7.187178762647323,8.169642853358302e-13
newsrelated,sliwa,oi_change,log_comments_change,log_comments_change_lag1,4274.189766363864,1075.1238321660037,3.975532527962705,7.175196899518616e-05
newsrelated,sliwa,oi_change,log_comments_change,log_comments_change_lag2,6273.686135192791,1186.4134352460826,5.287942591354354,1.3188926205605314e-07
newsrelated,sliwa,oi_change,log_comments_change,log_comments_change_lag3,7277.888652018543,1254.9374916486158,5.799403317258101,7.293649670752341e-09
newsrelated,sliwa,oi_change,log_comments_change,log_comments_change_lag4,6165.137327152785,1275.6883960652217,4.832792511218846,1.4087579063934762e-06
newsrelated,sliwa,oi_change,log_comments_change,log_comments_change_lag5,3245.682867271455,1293.2612476820755,2.5096884895366065,0.0121320777810966
newsrelated,sliwa,oi_change,log_comments_change,log_comments_change_lag6,368.6405403676705,1277.9867987259765,0.28845410667400306,0.7730175733318492
newsrelated,sliwa,oi_change,log_comments_change,log_comments_change_lag7,6136.530918617259,1277.6516839021594,4.802976426153394,1.634013123491951e-06
newsrelated,sliwa,oi_change,log_comments_change,log_comments_change_lag8,2780.500180703174,1299.695079731494,2.1393480856122054,0.03248187076609671
newsrelated,sliwa,oi_change,log_comments_change,log_comments_change_lag9,1444.477584117448,1279.7821839347926,1.1286901804463993,0.2591119628833371
newsrelated,sliwa,oi_change,log_comments_change,log_comments_change_lag10,3274.482609601254,1258.7309743672834,2.6014157721408364,0.009326146983204778
newsrelated,sliwa,oi_change,log_comments_change,log_comments_change_lag11,4378.338513490253,1198.4760191137877,3.653255003573465,0.0002630304101879165
newsrelated,sliwa,oi_change,log_comments_change,log_comments_change_lag12,3446.5419532525007,1081.1491535958999,3.1878505771283354,0.0014469676596017293
